idx	page	functionality	verification_result	related_issues	action	created_issue	notes	date
1	Dataverse Page	Save Linked Search	Confirmed missing: legacy Link > Link Search dialog exists; SPA Link dropdown offers only Link Collection	IQSS/dataverse-frontend#546 (customizable collection page; not a duplicate)	issue-created	https://github.com/jp-tosca/dv-modern-fc/issues/1	backfilled from existing issue	2026-09-16
2	Dataverse Page	Manage Permissions Shortcut	Confirmed incomplete: SPA collection edit menu Permissions entry opens NotImplementedModal	IQSS/dataverse-frontend#830, #831 (corroborating); #158/#159 (dataset-level, not duplicate)	issue-created	https://github.com/jp-tosca/dv-modern-fc/issues/2	backfilled from existing issue	2026-09-16
3	Dataverse Page	Manage Groups Shortcut	Confirmed incomplete: SPA collection edit menu Groups entry opens NotImplementedModal	IQSS/dataverse-frontend#830, #831 (corroborating); jp-tosca/dv-modern-fc#2 (same root cause)	issue-created	https://github.com/jp-tosca/dv-modern-fc/issues/3	backfilled from existing issue	2026-09-16
4	Site Header	Dismiss Banner Message	Confirmed missing: admin-configured banner messages render in legacy header, not rendered at all in SPA	IQSS/dataverse-frontend#246 (different 'try the new UI' banner; not a duplicate)	issue-created	https://github.com/jp-tosca/dv-modern-fc/issues/4	backfilled from existing issue	2026-09-16
5	Site Header	Go to Dashboard	Confirmed missing: no Dashboard entry in SPA header user dropdown (no user.superuser branch in LoggedInHeaderActions.tsx); /modern/dashboard redirects to /modern/404; no dashboard route in Route.enum.ts and no dashboard i18n string	IQSS/dataverse-frontend#258, #309, #603 (dashboard sub-feature enhancements that presuppose a dashboard, not duplicates); IQSS/dataverse#11336 (legacy dashboard user-list sort bug, unrelated)	issue-created	https://github.com/jp-tosca/dv-modern-fc/issues/5	screenshots 005-header-dashboard-{legacy,modern}.png; no test data created; both sessions were already logged in as dataverseAdmin	2026-09-16
6	Theme & Widgets	View Theme Tab	Confirmed stubbed: 'Theme + Widgets' entry present in SPA collection Edit dropdown but wired to handleNotImplementedClick -> NotImplementedModal (EditCollectionDropdown.tsx); no theme route/component; legacy Theme tab has Inherit Theme, Logo/Thumbnail/Footer image upload, header Background/Link/Text colors, Tagline, Website	IQSS/dataverse-frontend#268 (logo image via API + SPA should retain logo customization; overlaps on logo only, narrower); #298 (adds distinct thumbnail to theme page, extension); #514 (closed/completed personalizable-collections analysis, did not deliver theme form); IQSS/dataverse#12669 (legacy theme form bug)	issue-created	https://github.com/jp-tosca/dv-modern-fc/issues/6	screenshots 006-theme-tab-{legacy,modern}.png; used existing QA Test Collection (id=2, alias qa-test-collection), no test data created; OS-clipboard paste stopped working mid-session, switched to synthetic ClipboardEvent with File objects loaded via file_upload into a temporary injected input	2026-09-16
7	Theme & Widgets	Toggle Inherit Theme from Parent	Duplicate of #6: Inherit Theme checkbox is one control in the legacy Theme tab. Control lives inside the legacy Theme tab; the SPA has no theme form at all (single NotImplemented modal for the whole Theme + Widgets entry), so this is not separately actionable	jp-tosca/dv-modern-fc#6 (covers the whole Theme tab, which is stubbed as a single NotImplemented modal)	duplicate	https://github.com/jp-tosca/dv-modern-fc/issues/6	verified in screenshots 006-theme-tab-{legacy,modern}.png; #6 acceptance criteria cover inheriting the parent theme	2026-09-16
8	Theme & Widgets	Upload/Change Logo	Duplicate of #6: Logo upload/change is one control in the legacy Theme tab. Control lives inside the legacy Theme tab; the SPA has no theme form at all (single NotImplemented modal for the whole Theme + Widgets entry), so this is not separately actionable	jp-tosca/dv-modern-fc#6 (covers the whole Theme tab, which is stubbed as a single NotImplemented modal)	duplicate	https://github.com/jp-tosca/dv-modern-fc/issues/6	#6 criteria cover uploading/removing the logo with legacy type and size validation; IQSS/dataverse-frontend#268 also asks the SPA retain logo customization	2026-09-16
9	Theme & Widgets	Remove Logo	Duplicate of #6: Remove Logo button is one control in the legacy Theme tab. Control lives inside the legacy Theme tab; the SPA has no theme form at all (single NotImplemented modal for the whole Theme + Widgets entry), so this is not separately actionable	jp-tosca/dv-modern-fc#6 (covers the whole Theme tab, which is stubbed as a single NotImplemented modal)	duplicate	https://github.com/jp-tosca/dv-modern-fc/issues/6	#6 criteria cover uploading and removing the logo	2026-09-16
10	Theme & Widgets	Set Logo Format & Alignment	Duplicate of #6: Logo Format (Square/Rectangle), Alignment and Background Color render only once a logo exists and format is Rectangle. Control lives inside the legacy Theme tab; the SPA has no theme form at all (single NotImplemented modal for the whole Theme + Widgets entry), so this is not separately actionable	jp-tosca/dv-modern-fc#6 (covers the whole Theme tab, which is stubbed as a single NotImplemented modal)	duplicate	https://github.com/jp-tosca/dv-modern-fc/issues/6	#6 acceptance criteria extended in this session to name Logo Format, Alignment and Logo Background Color explicitly	2026-09-16
11	Theme & Widgets	Upload/Remove Logo Thumbnail	Duplicate of #6: Thumbnail image upload/remove is one control in the legacy Theme tab. Control lives inside the legacy Theme tab; the SPA has no theme form at all (single NotImplemented modal for the whole Theme + Widgets entry), so this is not separately actionable	jp-tosca/dv-modern-fc#6 (covers the whole Theme tab, which is stubbed as a single NotImplemented modal)	duplicate	https://github.com/jp-tosca/dv-modern-fc/issues/6	#6 criteria cover the thumbnail image; IQSS/dataverse-frontend#298 proposes a distinct thumbnail field as an extension	2026-09-16
12	Theme & Widgets	Set Header Colors	Duplicate of #6: Header Background/Link/Text colors are three colorPickers in the legacy Theme tab. Control lives inside the legacy Theme tab; the SPA has no theme form at all (single NotImplemented modal for the whole Theme + Widgets entry), so this is not separately actionable	jp-tosca/dv-modern-fc#6 (covers the whole Theme tab, which is stubbed as a single NotImplemented modal)	duplicate	https://github.com/jp-tosca/dv-modern-fc/issues/6	#6 criteria cover header background, link and text colors	2026-09-16
13	Theme & Widgets	Edit Tagline	Duplicate of #6: Tagline input is one control in the legacy Theme tab. Control lives inside the legacy Theme tab; the SPA has no theme form at all (single NotImplemented modal for the whole Theme + Widgets entry), so this is not separately actionable	jp-tosca/dv-modern-fc#6 (covers the whole Theme tab, which is stubbed as a single NotImplemented modal)	duplicate	https://github.com/jp-tosca/dv-modern-fc/issues/6	#6 criteria cover the tagline with its 140-character limit	2026-09-16
14	Theme & Widgets	Edit Website Link	Duplicate of #6: Website link input is one control in the legacy Theme tab. Control lives inside the legacy Theme tab; the SPA has no theme form at all (single NotImplemented modal for the whole Theme + Widgets entry), so this is not separately actionable	jp-tosca/dv-modern-fc#6 (covers the whole Theme tab, which is stubbed as a single NotImplemented modal)	duplicate	https://github.com/jp-tosca/dv-modern-fc/issues/6	#6 criteria cover the website link	2026-09-16
15	Theme & Widgets	Upload/Remove Footer Logo	Duplicate of #6: Footer image upload/remove (plus its alignment and background color) is one control group in the legacy Theme tab. Control lives inside the legacy Theme tab; the SPA has no theme form at all (single NotImplemented modal for the whole Theme + Widgets entry), so this is not separately actionable	jp-tosca/dv-modern-fc#6 (covers the whole Theme tab, which is stubbed as a single NotImplemented modal)	duplicate	https://github.com/jp-tosca/dv-modern-fc/issues/6	#6 criteria extended in this session to cover footer image alignment and background color	2026-09-16
16	Theme & Widgets	Save Theme Changes	Duplicate of #6: Save Changes submits the legacy Theme tab form. Control lives inside the legacy Theme tab; the SPA has no theme form at all (single NotImplemented modal for the whole Theme + Widgets entry), so this is not separately actionable	jp-tosca/dv-modern-fc#6 (covers the whole Theme tab, which is stubbed as a single NotImplemented modal)	duplicate	https://github.com/jp-tosca/dv-modern-fc/issues/6	#6 criteria cover saving persisting the theme and it being reflected on the collection page	2026-09-16
17	Theme & Widgets	Cancel Theme Edit	Duplicate of #6: Cancel discards edits in the legacy Theme tab. Control lives inside the legacy Theme tab; the SPA has no theme form at all (single NotImplemented modal for the whole Theme + Widgets entry), so this is not separately actionable	jp-tosca/dv-modern-fc#6 (covers the whole Theme tab, which is stubbed as a single NotImplemented modal)	duplicate	https://github.com/jp-tosca/dv-modern-fc/issues/6	#6 criteria cover Cancel discarding changes	2026-09-16
18	Theme & Widgets	View Widget Embed Code	Confirmed absent: legacy Widgets tab shows Dataverse Search Box and Dataverse Listing widgets.js embed snippets for a published collection (verified on root, id=1) and a publish-first explainer when unpublished; SPA has no widgets tab/route/i18n and the single Theme + Widgets entry opens NotImplementedModal	jp-tosca/dv-modern-fc#6 (covers the Theme half of the same legacy page; this is the Widgets half, not covered by #6 criteria); no upstream widget issue found (#268/#298 are logo/thumbnail only)	issue-created	https://github.com/jp-tosca/dv-modern-fc/issues/7	screenshots 018-widgets-tab-{legacy,modern}.png; used the existing published root collection because the Widgets tab only renders embed code for a released collection (QA Test Collection is unpublished) - nothing was published or otherwise modified	2026-09-16
19	Dataset Thumbnails & Widgets	Upload Dataset Thumbnail	Confirmed stubbed: legacy Thumbnail tab supports upload (JPG/PNG, 500KB, 140x140), select-from-file, remove, Save and Cancel; the SPA's 'Thumbnails + Widgets' entry in the dataset Edit menu calls showModal() and there is no thumbnail-management route.	IQSS/dataverse-frontend#203 (displaying a dataset citation thumbnail - display only, not management); #298 (collection thumbnail); jp-tosca/dv-modern-fc#6 and #7 (collection-level counterparts)	issue-created	https://github.com/jp-tosca/dv-modern-fc/issues/18	legacy verified in browser: thumbnail uploaded through the page (preview + Remove button appeared) and the Widgets tab captured on the published test dataset doi:10.5072/FK2/PJQ8FH. Screenshots 019-dataset-thumbnail-legacy.png, 024-dataset-widgets-legacy.png. SPA stub confirmed in EditDatasetMenu.tsx (THUMBNAILS_PLUS_WIDGETS -> showModal()); the modern capture is the shared NotImplementedModal taken from the collection Edit menu, because the SPA session expired and re-authenticating needs a password.	2026-09-17
20	Dataset Thumbnails & Widgets	Remove Dataset Thumbnail	Duplicate of #18: 'Remove Dataset Thumbnail'. Observed in legacy - the Remove button appeared once a thumbnail was uploaded.	jp-tosca/dv-modern-fc#18 (dataset Thumbnails + Widgets page as a whole)	duplicate	https://github.com/jp-tosca/dv-modern-fc/issues/18	control on the legacy dataset Thumbnails + Widgets page; the SPA stubs the single entry point so this is not separately actionable. #18's criteria cover it.	2026-09-17
21	Dataset Thumbnails & Widgets	Select File as Thumbnail	Duplicate of #18: 'Select File as Thumbnail'. NOT observable in this install - the control only renders when the dataset contains image data files, and no file can be uploaded here (only storage driver is s3, pointed at AWS with placeholder credentials, no S3 service in the dev stack). Described from dataset-widgets.xhtml (selectFileThumbnail dialog, setDataFileAsThumbnail).	jp-tosca/dv-modern-fc#18 (dataset Thumbnails + Widgets page as a whole)	duplicate	https://github.com/jp-tosca/dv-modern-fc/issues/18	control on the legacy dataset Thumbnails + Widgets page; the SPA stubs the single entry point so this is not separately actionable. #18's criteria cover it.	2026-09-17
22	Dataset Thumbnails & Widgets	Save Thumbnail Changes	Duplicate of #18: 'Save Thumbnail Changes'. Observed as the Save Changes button; not submitted.	jp-tosca/dv-modern-fc#18 (dataset Thumbnails + Widgets page as a whole)	duplicate	https://github.com/jp-tosca/dv-modern-fc/issues/18	control on the legacy dataset Thumbnails + Widgets page; the SPA stubs the single entry point so this is not separately actionable. #18's criteria cover it.	2026-09-17
23	Dataset Thumbnails & Widgets	Cancel Thumbnail Edit	Duplicate of #18: 'Cancel Thumbnail Edit'. Observed as the Cancel link.	jp-tosca/dv-modern-fc#18 (dataset Thumbnails + Widgets page as a whole)	duplicate	https://github.com/jp-tosca/dv-modern-fc/issues/18	control on the legacy dataset Thumbnails + Widgets page; the SPA stubs the single entry point so this is not separately actionable. #18's criteria cover it.	2026-09-17
24	Dataset Thumbnails & Widgets	View Widget Embed Code	Duplicate of #18: 'View Widget Embed Code' is the Widgets tab of the same page - captured in legacy showing the Dataset Citation and Dataset widgets.js snippets for the published test dataset.	jp-tosca/dv-modern-fc#18 (dataset Thumbnails + Widgets page as a whole)	duplicate	https://github.com/jp-tosca/dv-modern-fc/issues/18	control on the legacy dataset Thumbnails + Widgets page; the SPA stubs the single entry point so this is not separately actionable. #18's criteria cover it.	2026-09-17
25	Move Dataverse (Dashboard)	Select Dataverse to Move	Confirmed missing in SPA: legacy 'Dataverse collection to move' autocomplete on the dashboard Move Dataverse Collection page; no equivalent anywhere in the SPA. Covered upstream by dataverse-frontend#309.	IQSS/dataverse-frontend#309 (open, in the SPA's own tracker: add Move Collection to the dashboard Move Data area - covers this gap); IQSS/dataverse-frontend#603 (forced move, extends it); jp-tosca/dv-modern-fc#5 (SPA has no dashboard at all - blocking prerequisite); IQSS/dataverse#10304 (closed/completed: added Move Dataverse Collection to the legacy dashboard)	upstream-covered		legacy verified at /dashboard-movedataverse.xhtml?dataverseId=1 (screenshot 025-move-dataverse-legacy.png); SPA absence corroborated in source: zero moveDataverse/moveCollection/moveDataset references under src/, no move route in Route.enum.ts, and no dashboard route at all; not filed locally because #309 already tracks this UI in the SPA repo	2026-09-17
26	Move Dataverse (Dashboard)	Select Destination Dataverse	Confirmed missing in SPA: legacy 'New dataverse collection host' destination autocomplete. Covered upstream by dataverse-frontend#309.	IQSS/dataverse-frontend#309 (open, in the SPA's own tracker: add Move Collection to the dashboard Move Data area - covers this gap); IQSS/dataverse-frontend#603 (forced move, extends it); jp-tosca/dv-modern-fc#5 (SPA has no dashboard at all - blocking prerequisite); IQSS/dataverse#10304 (closed/completed: added Move Dataverse Collection to the legacy dashboard)	upstream-covered		legacy verified at /dashboard-movedataverse.xhtml?dataverseId=1 (screenshot 025-move-dataverse-legacy.png); SPA absence corroborated in source: zero moveDataverse/moveCollection/moveDataset references under src/, no move route in Route.enum.ts, and no dashboard route at all; not filed locally because #309 already tracks this UI in the SPA repo	2026-09-17
27	Move Dataverse (Dashboard)	Submit Move Request	Confirmed missing in SPA: legacy 'Save Changes' submit that validates the selections and raises the confirmation dialog. Covered upstream by dataverse-frontend#309.	IQSS/dataverse-frontend#309 (open, in the SPA's own tracker: add Move Collection to the dashboard Move Data area - covers this gap); IQSS/dataverse-frontend#603 (forced move, extends it); jp-tosca/dv-modern-fc#5 (SPA has no dashboard at all - blocking prerequisite); IQSS/dataverse#10304 (closed/completed: added Move Dataverse Collection to the legacy dashboard)	upstream-covered		legacy verified at /dashboard-movedataverse.xhtml?dataverseId=1 (screenshot 025-move-dataverse-legacy.png); SPA absence corroborated in source: zero moveDataverse/moveCollection/moveDataset references under src/, no move route in Route.enum.ts, and no dashboard route at all; not filed locally because #309 already tracks this UI in the SPA repo	2026-09-17
28	Move Dataverse (Dashboard)	Confirm Move Dataverse	Confirmed missing in SPA: legacy moveDataverseConfirmation dialog. Not observed directly - it only appears after submitting a valid source/destination pair, and this install has just one parent (root) plus one child (QA Test Collection), so no valid move exists; described from dashboard-movedataverse.xhtml source. Covered upstream by dataverse-frontend#309.	IQSS/dataverse-frontend#309 (open, in the SPA's own tracker: add Move Collection to the dashboard Move Data area - covers this gap); IQSS/dataverse-frontend#603 (forced move, extends it); jp-tosca/dv-modern-fc#5 (SPA has no dashboard at all - blocking prerequisite); IQSS/dataverse#10304 (closed/completed: added Move Dataverse Collection to the legacy dashboard)	upstream-covered		legacy verified at /dashboard-movedataverse.xhtml?dataverseId=1 (screenshot 025-move-dataverse-legacy.png); SPA absence corroborated in source: zero moveDataverse/moveCollection/moveDataset references under src/, no move route in Route.enum.ts, and no dashboard route at all; not filed locally because #309 already tracks this UI in the SPA repo	2026-09-17
29	Move Dataverse (Dashboard)	Cancel Move	Confirmed missing in SPA: legacy Cancel link returning to the dashboard. Covered upstream by dataverse-frontend#309.	IQSS/dataverse-frontend#309 (open, in the SPA's own tracker: add Move Collection to the dashboard Move Data area - covers this gap); IQSS/dataverse-frontend#603 (forced move, extends it); jp-tosca/dv-modern-fc#5 (SPA has no dashboard at all - blocking prerequisite); IQSS/dataverse#10304 (closed/completed: added Move Dataverse Collection to the legacy dashboard)	upstream-covered		legacy verified at /dashboard-movedataverse.xhtml?dataverseId=1 (screenshot 025-move-dataverse-legacy.png); SPA absence corroborated in source: zero moveDataverse/moveCollection/moveDataset references under src/, no move route in Route.enum.ts, and no dashboard route at all; not filed locally because #309 already tracks this UI in the SPA repo	2026-09-17
30	Dataset Page	Globus Transfer Dataset	Not reproducible: Globus is not configured in this install (:UploadMethods=native/http, no :GlobusAppUrl), so the legacy Globus transfer control never renders and the gap cannot be confirmed against observed behavior.	None found; not searched exhaustively because the legacy behavior could not be observed to confirm the gap	not-reproducible		verified via /api/admin/settings on 2026-09-17: only :AllowSignUp, :BlockedApiPolicy, :BuiltinUsersKey, :DoiProvider, :SignUpUrl, :UploadMethods are set; :UploadMethods=native/http (no globus/rsync), :ComputeBaseUrl and :GlobusAppUrl not found. Legacy dataset page for doi:10.5072/FK2/PJQ8FH shows no Globus or Compute controls. SPA side also has no Globus/compute route or component (source contains only a TODO for compute), but the legacy reference behavior cannot be observed here, so no issue was filed.	2026-09-17
31	Dataset Page	Compute Dataset (Single)	Not reproducible: compute is disabled (:ComputeBaseUrl not set), so the legacy 'Compute' control on the dataset page never renders.	None found; not searched exhaustively because the legacy behavior could not be observed to confirm the gap	not-reproducible		verified via /api/admin/settings on 2026-09-17: only :AllowSignUp, :BlockedApiPolicy, :BuiltinUsersKey, :DoiProvider, :SignUpUrl, :UploadMethods are set; :UploadMethods=native/http (no globus/rsync), :ComputeBaseUrl and :GlobusAppUrl not found. Legacy dataset page for doi:10.5072/FK2/PJQ8FH shows no Globus or Compute controls. SPA side also has no Globus/compute route or component (source contains only a TODO for compute), but the legacy reference behavior cannot be observed here, so no issue was filed.	2026-09-17
32	Dataset Page	Add Dataset to Compute Cart	Not reproducible: compute cart requires :ComputeBaseUrl, which is unset; no 'Add to Compute Cart' control renders in legacy.	None found; not searched exhaustively because the legacy behavior could not be observed to confirm the gap	not-reproducible		verified via /api/admin/settings on 2026-09-17: only :AllowSignUp, :BlockedApiPolicy, :BuiltinUsersKey, :DoiProvider, :SignUpUrl, :UploadMethods are set; :UploadMethods=native/http (no globus/rsync), :ComputeBaseUrl and :GlobusAppUrl not found. Legacy dataset page for doi:10.5072/FK2/PJQ8FH shows no Globus or Compute controls. SPA side also has no Globus/compute route or component (source contains only a TODO for compute), but the legacy reference behavior cannot be observed here, so no issue was filed.	2026-09-17
33	Dataset Page	Remove Dataset from Compute Cart	Not reproducible: compute cart not available (:ComputeBaseUrl unset), so removal from the cart cannot be observed.	None found; not searched exhaustively because the legacy behavior could not be observed to confirm the gap	not-reproducible		verified via /api/admin/settings on 2026-09-17: only :AllowSignUp, :BlockedApiPolicy, :BuiltinUsersKey, :DoiProvider, :SignUpUrl, :UploadMethods are set; :UploadMethods=native/http (no globus/rsync), :ComputeBaseUrl and :GlobusAppUrl not found. Legacy dataset page for doi:10.5072/FK2/PJQ8FH shows no Globus or Compute controls. SPA side also has no Globus/compute route or component (source contains only a TODO for compute), but the legacy reference behavior cannot be observed here, so no issue was filed.	2026-09-17
34	Dataset Page	View Compute Cart List	Not reproducible: compute cart list not available (:ComputeBaseUrl unset).	None found; not searched exhaustively because the legacy behavior could not be observed to confirm the gap	not-reproducible		verified via /api/admin/settings on 2026-09-17: only :AllowSignUp, :BlockedApiPolicy, :BuiltinUsersKey, :DoiProvider, :SignUpUrl, :UploadMethods are set; :UploadMethods=native/http (no globus/rsync), :ComputeBaseUrl and :GlobusAppUrl not found. Legacy dataset page for doi:10.5072/FK2/PJQ8FH shows no Globus or Compute controls. SPA side also has no Globus/compute route or component (source contains only a TODO for compute), but the legacy reference behavior cannot be observed here, so no issue was filed.	2026-09-17
35	Dataset Page	Clear Compute Cart	Not reproducible: compute cart clear not available (:ComputeBaseUrl unset).	None found; not searched exhaustively because the legacy behavior could not be observed to confirm the gap	not-reproducible		verified via /api/admin/settings on 2026-09-17: only :AllowSignUp, :BlockedApiPolicy, :BuiltinUsersKey, :DoiProvider, :SignUpUrl, :UploadMethods are set; :UploadMethods=native/http (no globus/rsync), :ComputeBaseUrl and :GlobusAppUrl not found. Legacy dataset page for doi:10.5072/FK2/PJQ8FH shows no Globus or Compute controls. SPA side also has no Globus/compute route or component (source contains only a TODO for compute), but the legacy reference behavior cannot be observed here, so no issue was filed.	2026-09-17
36	Dataset Page	Run Compute Batch	Not reproducible: batch compute not available (:ComputeBaseUrl unset).	None found; not searched exhaustively because the legacy behavior could not be observed to confirm the gap	not-reproducible		verified via /api/admin/settings on 2026-09-17: only :AllowSignUp, :BlockedApiPolicy, :BuiltinUsersKey, :DoiProvider, :SignUpUrl, :UploadMethods are set; :UploadMethods=native/http (no globus/rsync), :ComputeBaseUrl and :GlobusAppUrl not found. Legacy dataset page for doi:10.5072/FK2/PJQ8FH shows no Globus or Compute controls. SPA side also has no Globus/compute route or component (source contains only a TODO for compute), but the legacy reference behavior cannot be observed here, so no issue was filed.	2026-09-17
37	Dataset Page	Submit Dataset for Review	Still not reproducible after the authenticated pass: the SPA Submit for Review button renders only when the user can update but NOT publish the dataset, so it is invisible to the superuser account available here. Its handler is confirmed to be showModal() in source.	jp-tosca/dv-modern-fc#22 (curation status stubs - same review workflow area)	not-reproducible		Still blocked: needs a second, non-publishing account. Creating one and signing in as that user would require entering a password, which I do not do. The SPA control is a confirmed stub in source (SubmitForReviewButton.tsx onClick=showModal; PublishDatasetMenu.tsx renders Return to Author only when version.isInReview and its onSelect opens PublishDatasetModal). Re-check these first once such an account exists.	2026-09-17
38	Dataset Page	Manage Dataset Permissions	Confirmed stubbed: legacy Edit Dataset -> Permissions -> Dataset opens permissions-manage.xhtml (Users/Groups with roles, Assign Roles to Users/Groups, Remove Assigned Role); the SPA renders the Permissions submenu but the whole dropdown is wired to onSelect=showModal.	jp-tosca/dv-modern-fc#2 (collection-level counterpart); #18, #19 (sibling dataset Edit menu stubs)	issue-created	https://github.com/jp-tosca/dv-modern-fc/issues/20	legacy dataset Permissions page verified in browser on draft test dataset id=4 (screenshot 038-dataset-permissions-legacy.png). SPA stub confirmed in EditDatasetPermissionsMenu.tsx (onSelect=showModal). File-permissions screen not screenshotted: it lists restricted files and access requests, and no data file can exist here (s3-only storage driver with placeholder AWS credentials, no S3 service in the dev stack). Modern capture is the shared NotImplementedModal from the collection Edit menu pending SPA re-authentication.	2026-09-17
39	Dataset Page	Manage File Permissions	Duplicate of #20: 'Manage File Permissions' is the second entry of the same stubbed SPA Permissions submenu (legacy permissions-manage-files.xhtml).	jp-tosca/dv-modern-fc#20 (dataset and file permissions management as a whole)	duplicate	https://github.com/jp-tosca/dv-modern-fc/issues/20	control on a legacy dataset/file permissions screen, both reached from the one stubbed SPA submenu. Not separately actionable; #20's criteria cover it. File-level controls additionally could not be observed because no data file can exist in this install (s3-only storage with placeholder credentials).	2026-09-17
40	Dataset Page	Create Private URL	Confirmed stubbed: legacy Edit Dataset -> Preview URL opens a dialog offering 'Create General Preview URL' for a draft; the SPA's Private URL entry calls showModal(). The SPA can CONSUME a token (getDatasetByPrivateUrlToken) but cannot create one.	IQSS/dataverse-frontend#1025 (open: opening a dataset via Preview URL 404s in the SPA - the consumption side, complementary)	issue-created	https://github.com/jp-tosca/dv-modern-fc/issues/19	legacy verified in browser on the draft test dataset doi:10.5072/FK2/8PW3WO: dialog created a general preview URL and showed Copy to Clipboard and Disable (screenshot 040-preview-url-legacy.png). SPA stub confirmed in EditDatasetMenu.tsx (PRIVATE_URL -> showModal()); modern capture is the shared NotImplementedModal from the collection Edit menu pending SPA re-authentication.	2026-09-17
41	Dataset Page	Create Anonymized Private URL	Duplicate of #19: 'Create Anonymized Private URL'. NOT observable in this install - the anonymized variant requires :AnonymizedFieldTypeNames, which is unset, so the dialog offered only 'General Preview'. Described from source.	jp-tosca/dv-modern-fc#19 (private/preview URL creation as a whole)	duplicate	https://github.com/jp-tosca/dv-modern-fc/issues/19	control in the legacy Preview URL dialog, which the SPA stubs behind a single menu entry. Not separately actionable; #19's criteria cover it.	2026-09-17
42	Dataset Page	Disable Private URL	Duplicate of #19: 'Disable Private URL'. Observed as 'Disable General Preview URL' in the legacy dialog.	jp-tosca/dv-modern-fc#19 (private/preview URL creation as a whole)	duplicate	https://github.com/jp-tosca/dv-modern-fc/issues/19	control in the legacy Preview URL dialog, which the SPA stubs behind a single menu entry. Not separately actionable; #19's criteria cover it.	2026-09-17
43	Dataset Page	Copy Private URL to Clipboard	Duplicate of #19: 'Copy Private URL to Clipboard'. Observed as 'Copy to Clipboard' in the legacy dialog.	jp-tosca/dv-modern-fc#19 (private/preview URL creation as a whole)	duplicate	https://github.com/jp-tosca/dv-modern-fc/issues/19	control in the legacy Preview URL dialog, which the SPA stubs behind a single menu entry. Not separately actionable; #19's criteria cover it.	2026-09-17
44	Dataset Page	Manage Thumbnails and Widgets	Duplicate of #18: 'Manage Thumbnails and Widgets' is the dataset Edit menu entry itself, which is the stub #18 reports.	jp-tosca/dv-modern-fc#18 (dataset Thumbnails + Widgets page as a whole)	duplicate	https://github.com/jp-tosca/dv-modern-fc/issues/18	control on the legacy dataset Thumbnails + Widgets page; the SPA stubs the single entry point so this is not separately actionable. #18's criteria cover it.	2026-09-17
45	Dataset Page	Change Curation Status	Confirmed stubbed (REVISED after authenticated re-check): this install DOES configure curation labels and the SPA renders them - the Publish Dataset menu has a 'Change Curation Status' submenu listing Author Contacted, Privacy Review, Awaiting Paper Publication, Final Approval and Remove Current Status - but selecting any opens the Not Implemented modal (ChangeCurationStatusMenu.tsx handleItemClick -> showModal). My earlier note that curation labels were unconfigured was WRONG.	jp-tosca/dv-modern-fc#18, #19, #20 (same NotImplementedModal pattern); sibling Submit for Review stubbed the same way	issue-created	https://github.com/jp-tosca/dv-modern-fc/issues/22	verified logged in 2026-09-17 on draft dataset doi:10.5072/FK2/Q9LZAD; screenshots 045-curation-menu-modern.png, 045-curation-notimplemented-modern.png. Supersedes earlier not-reproducible record.	2026-09-17
46	Dataset Page	Remove Curation Status	Duplicate of #22: 'Remove Current Status' is the last item of the same stubbed submenu and opens the same Not Implemented modal.	jp-tosca/dv-modern-fc#22	duplicate	https://github.com/jp-tosca/dv-modern-fc/issues/22	observed in the same submenu capture; supersedes earlier not-reproducible record	2026-09-17
47	Dataset Page	View Curation Status History	Duplicate of #22: no curation-status history view exists in the SPA; #22's criteria cover it. Legacy records changes via dataset.curationstatus.* messages.	jp-tosca/dv-modern-fc#22	duplicate	https://github.com/jp-tosca/dv-modern-fc/issues/22	supersedes earlier not-reproducible record	2026-09-17
48	Dataset Page	View Dataset Citations Count	Gap is real but tracked upstream: the SPA dataset page does not show Make Data Count metrics/citation counts. Could not be observed locally because Make Data Count is not configured (:MDCLogPath and :DisplayMDCMetrics unset), so the legacy citation-count block never renders here.	IQSS/dataverse-frontend#779 (open, 'Show MDC metrics in SPA Dataset page') - directly covers this gap in the SPA's own tracker	upstream-covered		verified via /api/admin/settings on 2026-09-17: :UploadMethods=native/http only; :ComputeBaseUrl, :GlobusAppUrl, :MDCLogPath, :DisplayMDCMetrics, :ArchiverClassName, :ArchiverSettings, :WebloaderUrl all unset. The legacy control therefore never renders in this install, so the gap cannot be confirmed against observed behavior and no issue was filed.	2026-09-17
49	Dataset Page	Rsync Data Access Popup	Not reproducible: rsync/DCM access is not enabled (:UploadMethods=native/http), so the legacy rsync Data Access popup never renders.	None found; duplicate search not run exhaustively because legacy behavior could not be observed	not-reproducible		verified via /api/admin/settings on 2026-09-17: :UploadMethods=native/http only; :ComputeBaseUrl, :GlobusAppUrl, :MDCLogPath, :DisplayMDCMetrics, :ArchiverClassName, :ArchiverSettings, :WebloaderUrl all unset. The legacy control therefore never renders in this install, so the gap cannot be confirmed against observed behavior and no issue was filed.	2026-09-17
50	Dataset Page	Package Download Popup	Not reproducible: the package-download popup only appears for package (rsync/DCM) files, which cannot exist here - no data file can be uploaded at all.	None found; duplicate search not run exhaustively because legacy behavior could not be observed	not-reproducible		BLOCKED BY ENVIRONMENT: this install's only storage driver is s3 (dataverse.files.storage-driver-id=s3) pointing at https://s3.us-east-1.amazonaws.com bucket beta-dataverse-direct with placeholder credentials (<S3_ACCESS_KEY>/<S3_SECRET_KEY>), and no MinIO/S3 container runs in the dev stack. Every file upload fails with 'Failed to save the content of the uploaded file', so no dataset can contain a data file and this feature's legacy control can never render. No issue filed.	2026-09-17
51	Dataset Page	Compute Restricted-File Warning	Not reproducible: compute is disabled (:ComputeBaseUrl unset), so the restricted-file compute warning cannot be triggered.	None found; duplicate search not run exhaustively because legacy behavior could not be observed	not-reproducible		verified via /api/admin/settings on 2026-09-17: :UploadMethods=native/http only; :ComputeBaseUrl, :GlobusAppUrl, :MDCLogPath, :DisplayMDCMetrics, :ArchiverClassName, :ArchiverSettings, :WebloaderUrl all unset. The legacy control therefore never renders in this install, so the gap cannot be confirmed against observed behavior and no issue was filed.	2026-09-17
52	Dataset Page	Submit for Review Dialog Options	Still not reproducible: the legacy Submit for Review dialog options need a non-publishing contributor account.	jp-tosca/dv-modern-fc#22	not-reproducible		Still blocked: needs a second, non-publishing account. Creating one and signing in as that user would require entering a password, which I do not do. The SPA control is a confirmed stub in source (SubmitForReviewButton.tsx onClick=showModal; PublishDatasetMenu.tsx renders Return to Author only when version.isInReview and its onSelect opens PublishDatasetModal). Re-check these first once such an account exists.	2026-09-17
53	Dataset Versions	View Archival Copy Status	Not reproducible: no archiver configured (:ArchiverClassName unset), so archival copy status is never shown on dataset versions.	None found; duplicate search not run exhaustively because legacy behavior could not be observed	not-reproducible		verified via /api/admin/settings on 2026-09-17: :UploadMethods=native/http only; :ComputeBaseUrl, :GlobusAppUrl, :MDCLogPath, :DisplayMDCMetrics, :ArchiverClassName, :ArchiverSettings, :WebloaderUrl all unset. The legacy control therefore never renders in this install, so the gap cannot be confirmed against observed behavior and no issue was filed.	2026-09-17
54	Dataset Versions	Submit Version for Archiving	Not reproducible: no archiver configured (:ArchiverClassName unset), so a version cannot be submitted for archiving.	None found; duplicate search not run exhaustively because legacy behavior could not be observed	not-reproducible		verified via /api/admin/settings on 2026-09-17: :UploadMethods=native/http only; :ComputeBaseUrl, :GlobusAppUrl, :MDCLogPath, :DisplayMDCMetrics, :ArchiverClassName, :ArchiverSettings, :WebloaderUrl all unset. The legacy control therefore never renders in this install, so the gap cannot be confirmed against observed behavior and no issue was filed.	2026-09-17
55	Move Dataset	Search/Select Dataset to Move	Confirmed absent: legacy /dashboard-movedataset.xhtml offers a sourceDatasetMenu type-ahead by persistent ID; the SPA has no move route or component (zero moveDataset/moveCollection/moveDataverse matches under src/, nothing in Route.enum.ts) and no dashboard to reach one from - /modern/dashboard/move-dataset falls through to /modern/404	jp-tosca/dv-modern-fc#5 (no SPA dashboard - prerequisite); IQSS/dataverse-frontend#309 (sibling: move collection); #603 (forced move); #498 (post-move alert links); IQSS/dataverse#8269 (legacy page usability)	issue-created	https://github.com/jp-tosca/dv-modern-fc/issues/8	screenshots 055-move-dataset-{legacy,modern}.png; modern shot is the route-level 404 captured while logged out - the route is absent from Route.enum.ts so this is a missing route, not a permission denial	2026-09-17
56	Move Dataset	Search/Select Destination Collection	Duplicate of #8: destinationDataverseMenu type-ahead is one control on the legacy Move Dataset page.	jp-tosca/dv-modern-fc#8 (the Move Dataset workflow as a whole)	duplicate	https://github.com/jp-tosca/dv-modern-fc/issues/8	control within the legacy Move Dataset page; the whole page is absent from the SPA so this is not separately actionable. Acceptance criteria in #8 cover it.	2026-09-17
57	Move Dataset	Move Dataset (Save)	Duplicate of #8: Save Changes validates the pair and raises the confirmation dialog.	jp-tosca/dv-modern-fc#8 (the Move Dataset workflow as a whole)	duplicate	https://github.com/jp-tosca/dv-modern-fc/issues/8	control within the legacy Move Dataset page; the whole page is absent from the SPA so this is not separately actionable. Acceptance criteria in #8 cover it.	2026-09-17
58	Move Dataset	Confirm Move	Duplicate of #8: the confirm action inside the move confirmation dialog. Dialog not observed directly - it requires submitting a valid dataset/destination pair, and this install has only the root collection as a possible host; described from dashboard-movedataset.xhtml source.	jp-tosca/dv-modern-fc#8 (the Move Dataset workflow as a whole)	duplicate	https://github.com/jp-tosca/dv-modern-fc/issues/8	control within the legacy Move Dataset page; the whole page is absent from the SPA so this is not separately actionable. Acceptance criteria in #8 cover it.	2026-09-17
59	Move Dataset	Cancel Move Confirmation	Duplicate of #8: dismissing the move confirmation dialog. Not observed directly for the same reason as item 58.	jp-tosca/dv-modern-fc#8 (the Move Dataset workflow as a whole)	duplicate	https://github.com/jp-tosca/dv-modern-fc/issues/8	control within the legacy Move Dataset page; the whole page is absent from the SPA so this is not separately actionable. Acceptance criteria in #8 cover it.	2026-09-17
60	Move Dataset	Cancel Move Dataset Page	Duplicate of #8: Cancel link that leaves the move-dataset form and returns to the dashboard.	jp-tosca/dv-modern-fc#8 (the Move Dataset workflow as a whole)	duplicate	https://github.com/jp-tosca/dv-modern-fc/issues/8	control within the legacy Move Dataset page; the whole page is absent from the SPA so this is not separately actionable. Acceptance criteria in #8 cover it.	2026-09-17
61	Contact Form	Solve Math CAPTCHA	ALREADY IMPLEMENTED - the missing-items row is wrong. The SPA contact modal renders a math CAPTCHA: 'Please fill this out to prove you are not a robot.' with a randomised 'N + M =' sum and a required answer field. Implemented in src/sections/shared/form/ContactForm/ContactCaptcha.tsx with react-hook-form validation (required, numbers-only, correct-answer, max length 10) and i18n keys contact.validation.captchaInput.* in public/locales/en/shared.json	None needed - no gap exists	already-implemented		screenshot 061-contact-captcha-modern.png (SPA modal showing '3 + 7 ='); verified logged out on the public Contact modal of /modern/collections/root, so no auth was required; CAPTCHA was neither solved nor submitted	2026-09-17
62	File Page	Compute Access Denied Notice	Not reproducible: compute is disabled (:ComputeBaseUrl unset), so the file-page compute access-denied dialog cannot be triggered.	None found; duplicate search not run exhaustively because legacy behavior could not be observed	not-reproducible		verified via /api/admin/settings on 2026-09-17: :UploadMethods=native/http only; :ComputeBaseUrl, :GlobusAppUrl, :MDCLogPath, :DisplayMDCMetrics, :ArchiverClassName, :ArchiverSettings, :WebloaderUrl all unset. The legacy control therefore never renders in this install, so the gap cannot be confirmed against observed behavior and no issue was filed.	2026-09-17
63	File Data Access Tab	View Rsync Access Instructions	Not reproducible: rsync is not enabled (:UploadMethods=native/http), so the file Data Access tab rsync instructions never render.	None found; duplicate search not run exhaustively because legacy behavior could not be observed	not-reproducible		verified via /api/admin/settings on 2026-09-17: :UploadMethods=native/http only; :ComputeBaseUrl, :GlobusAppUrl, :MDCLogPath, :DisplayMDCMetrics, :ArchiverClassName, :ArchiverSettings, :WebloaderUrl all unset. The legacy control therefore never renders in this install, so the gap cannot be confirmed against observed behavior and no issue was filed.	2026-09-17
64	File Access & Download	Globus Transfer	Not reproducible: Globus is not configured, so file-level Globus transfer never renders.	None found; duplicate search not run exhaustively because legacy behavior could not be observed	not-reproducible		verified via /api/admin/settings on 2026-09-17: :UploadMethods=native/http only; :ComputeBaseUrl, :GlobusAppUrl, :MDCLogPath, :DisplayMDCMetrics, :ArchiverClassName, :ArchiverSettings, :WebloaderUrl all unset. The legacy control therefore never renders in this install, so the gap cannot be confirmed against observed behavior and no issue was filed.	2026-09-17
65	File Access & Download	Download Package (Multi-file Bundle)	Not reproducible: multi-file bundle/package download requires package files, which cannot be created.	None found; duplicate search not run exhaustively because legacy behavior could not be observed	not-reproducible		BLOCKED BY ENVIRONMENT: this install's only storage driver is s3 (dataverse.files.storage-driver-id=s3) pointing at https://s3.us-east-1.amazonaws.com bucket beta-dataverse-direct with placeholder credentials (<S3_ACCESS_KEY>/<S3_SECRET_KEY>), and no MinIO/S3 container runs in the dev stack. Every file upload fails with 'Failed to save the content of the uploaded file', so no dataset can contain a data file and this feature's legacy control can never render. No issue filed.	2026-09-17
66	File Access & Download	Download Auxiliary File	Not reproducible: auxiliary-file download requires a data file with auxiliary files attached.	None found; duplicate search not run exhaustively because legacy behavior could not be observed	not-reproducible		BLOCKED BY ENVIRONMENT: this install's only storage driver is s3 (dataverse.files.storage-driver-id=s3) pointing at https://s3.us-east-1.amazonaws.com bucket beta-dataverse-direct with placeholder credentials (<S3_ACCESS_KEY>/<S3_SECRET_KEY>), and no MinIO/S3 container runs in the dev stack. Every file upload fails with 'Failed to save the content of the uploaded file', so no dataset can contain a data file and this feature's legacy control can never render. No issue filed.	2026-09-17
67	File Access & Download	Compute on File	Not reproducible: compute is disabled (:ComputeBaseUrl unset), so per-file compute never renders.	None found; duplicate search not run exhaustively because legacy behavior could not be observed	not-reproducible		verified via /api/admin/settings on 2026-09-17: :UploadMethods=native/http only; :ComputeBaseUrl, :GlobusAppUrl, :MDCLogPath, :DisplayMDCMetrics, :ArchiverClassName, :ArchiverSettings, :WebloaderUrl all unset. The legacy control therefore never renders in this install, so the gap cannot be confirmed against observed behavior and no issue was filed.	2026-09-17
68	File Edit Options	Uningest File	Not reproducible: uningest requires an ingested tabular data file.	None found; duplicate search not run exhaustively because legacy behavior could not be observed	not-reproducible		BLOCKED BY ENVIRONMENT: this install's only storage driver is s3 (dataverse.files.storage-driver-id=s3) pointing at https://s3.us-east-1.amazonaws.com bucket beta-dataverse-direct with placeholder credentials (<S3_ACCESS_KEY>/<S3_SECRET_KEY>), and no MinIO/S3 container runs in the dev stack. Every file upload fails with 'Failed to save the content of the uploaded file', so no dataset can contain a data file and this feature's legacy control can never render. No issue filed.	2026-09-17
69	File Edit Options	Ingest File	Not reproducible: ingest requires an uploaded data file.	None found; duplicate search not run exhaustively because legacy behavior could not be observed	not-reproducible		BLOCKED BY ENVIRONMENT: this install's only storage driver is s3 (dataverse.files.storage-driver-id=s3) pointing at https://s3.us-east-1.amazonaws.com bucket beta-dataverse-direct with placeholder credentials (<S3_ACCESS_KEY>/<S3_SECRET_KEY>), and no MinIO/S3 container runs in the dev stack. Every file upload fails with 'Failed to save the content of the uploaded file', so no dataset can contain a data file and this feature's legacy control can never render. No issue filed.	2026-09-17
70	File Edit Options	Set/Remove Retention Period	Not reproducible: retention periods are not enabled (:MinRetentionDurationInMonths unset) and require a data file.	None found; duplicate search not run exhaustively because legacy behavior could not be observed	not-reproducible		BLOCKED BY ENVIRONMENT: this install's only storage driver is s3 (dataverse.files.storage-driver-id=s3) pointing at https://s3.us-east-1.amazonaws.com bucket beta-dataverse-direct with placeholder credentials (<S3_ACCESS_KEY>/<S3_SECRET_KEY>), and no MinIO/S3 container runs in the dev stack. Every file upload fails with 'Failed to save the content of the uploaded file', so no dataset can contain a data file and this feature's legacy control can never render. No issue filed. Also :MinRetentionDurationInMonths is unset.	2026-09-17
71	File Provenance	View Provenance Graph	Not reproducible: file provenance is disabled in this install (:ProvCollectionEnabled unset) and additionally requires a data file.	None found; duplicate search not run exhaustively because legacy behavior could not be observed	not-reproducible		BLOCKED BY ENVIRONMENT: this install's only storage driver is s3 (dataverse.files.storage-driver-id=s3) pointing at https://s3.us-east-1.amazonaws.com bucket beta-dataverse-direct with placeholder credentials (<S3_ACCESS_KEY>/<S3_SECRET_KEY>), and no MinIO/S3 container runs in the dev stack. Every file upload fails with 'Failed to save the content of the uploaded file', so no dataset can contain a data file and this feature's legacy control can never render. No issue filed. Provenance is also disabled: :ProvCollectionEnabled is unset.	2026-09-17
72	File Provenance	Toggle Ancestors/Successors	Not reproducible: file provenance is disabled in this install (:ProvCollectionEnabled unset) and additionally requires a data file.	None found; duplicate search not run exhaustively because legacy behavior could not be observed	not-reproducible		BLOCKED BY ENVIRONMENT: this install's only storage driver is s3 (dataverse.files.storage-driver-id=s3) pointing at https://s3.us-east-1.amazonaws.com bucket beta-dataverse-direct with placeholder credentials (<S3_ACCESS_KEY>/<S3_SECRET_KEY>), and no MinIO/S3 container runs in the dev stack. Every file upload fails with 'Failed to save the content of the uploaded file', so no dataset can contain a data file and this feature's legacy control can never render. No issue filed. Provenance is also disabled: :ProvCollectionEnabled is unset.	2026-09-17
73	File Provenance	Upload Provenance JSON	Not reproducible: file provenance is disabled in this install (:ProvCollectionEnabled unset) and additionally requires a data file.	None found; duplicate search not run exhaustively because legacy behavior could not be observed	not-reproducible		BLOCKED BY ENVIRONMENT: this install's only storage driver is s3 (dataverse.files.storage-driver-id=s3) pointing at https://s3.us-east-1.amazonaws.com bucket beta-dataverse-direct with placeholder credentials (<S3_ACCESS_KEY>/<S3_SECRET_KEY>), and no MinIO/S3 container runs in the dev stack. Every file upload fails with 'Failed to save the content of the uploaded file', so no dataset can contain a data file and this feature's legacy control can never render. No issue filed. Provenance is also disabled: :ProvCollectionEnabled is unset.	2026-09-17
74	File Provenance	Preview Provenance JSON	Not reproducible: file provenance is disabled in this install (:ProvCollectionEnabled unset) and additionally requires a data file.	None found; duplicate search not run exhaustively because legacy behavior could not be observed	not-reproducible		BLOCKED BY ENVIRONMENT: this install's only storage driver is s3 (dataverse.files.storage-driver-id=s3) pointing at https://s3.us-east-1.amazonaws.com bucket beta-dataverse-direct with placeholder credentials (<S3_ACCESS_KEY>/<S3_SECRET_KEY>), and no MinIO/S3 container runs in the dev stack. Every file upload fails with 'Failed to save the content of the uploaded file', so no dataset can contain a data file and this feature's legacy control can never render. No issue filed. Provenance is also disabled: :ProvCollectionEnabled is unset.	2026-09-17
75	File Provenance	Remove Provenance JSON	Not reproducible: file provenance is disabled in this install (:ProvCollectionEnabled unset) and additionally requires a data file.	None found; duplicate search not run exhaustively because legacy behavior could not be observed	not-reproducible		BLOCKED BY ENVIRONMENT: this install's only storage driver is s3 (dataverse.files.storage-driver-id=s3) pointing at https://s3.us-east-1.amazonaws.com bucket beta-dataverse-direct with placeholder credentials (<S3_ACCESS_KEY>/<S3_SECRET_KEY>), and no MinIO/S3 container runs in the dev stack. Every file upload fails with 'Failed to save the content of the uploaded file', so no dataset can contain a data file and this feature's legacy control can never render. No issue filed. Provenance is also disabled: :ProvCollectionEnabled is unset.	2026-09-17
76	File Provenance	Select Provenance Entity	Not reproducible: file provenance is disabled in this install (:ProvCollectionEnabled unset) and additionally requires a data file.	None found; duplicate search not run exhaustively because legacy behavior could not be observed	not-reproducible		BLOCKED BY ENVIRONMENT: this install's only storage driver is s3 (dataverse.files.storage-driver-id=s3) pointing at https://s3.us-east-1.amazonaws.com bucket beta-dataverse-direct with placeholder credentials (<S3_ACCESS_KEY>/<S3_SECRET_KEY>), and no MinIO/S3 container runs in the dev stack. Every file upload fails with 'Failed to save the content of the uploaded file', so no dataset can contain a data file and this feature's legacy control can never render. No issue filed. Provenance is also disabled: :ProvCollectionEnabled is unset.	2026-09-17
77	File Provenance	Add Provenance Description	Not reproducible: file provenance is disabled in this install (:ProvCollectionEnabled unset) and additionally requires a data file.	None found; duplicate search not run exhaustively because legacy behavior could not be observed	not-reproducible		BLOCKED BY ENVIRONMENT: this install's only storage driver is s3 (dataverse.files.storage-driver-id=s3) pointing at https://s3.us-east-1.amazonaws.com bucket beta-dataverse-direct with placeholder credentials (<S3_ACCESS_KEY>/<S3_SECRET_KEY>), and no MinIO/S3 container runs in the dev stack. Every file upload fails with 'Failed to save the content of the uploaded file', so no dataset can contain a data file and this feature's legacy control can never render. No issue filed. Provenance is also disabled: :ProvCollectionEnabled is unset.	2026-09-17
78	File Provenance	Save Provenance Changes	Not reproducible: file provenance is disabled in this install (:ProvCollectionEnabled unset) and additionally requires a data file.	None found; duplicate search not run exhaustively because legacy behavior could not be observed	not-reproducible		BLOCKED BY ENVIRONMENT: this install's only storage driver is s3 (dataverse.files.storage-driver-id=s3) pointing at https://s3.us-east-1.amazonaws.com bucket beta-dataverse-direct with placeholder credentials (<S3_ACCESS_KEY>/<S3_SECRET_KEY>), and no MinIO/S3 container runs in the dev stack. Every file upload fails with 'Failed to save the content of the uploaded file', so no dataset can contain a data file and this feature's legacy control can never render. No issue filed. Provenance is also disabled: :ProvCollectionEnabled is unset.	2026-09-17
79	Package Download Popup	View Package Info	Not reproducible: package info requires a package file.	None found; duplicate search not run exhaustively because legacy behavior could not be observed	not-reproducible		BLOCKED BY ENVIRONMENT: this install's only storage driver is s3 (dataverse.files.storage-driver-id=s3) pointing at https://s3.us-east-1.amazonaws.com bucket beta-dataverse-direct with placeholder credentials (<S3_ACCESS_KEY>/<S3_SECRET_KEY>), and no MinIO/S3 container runs in the dev stack. Every file upload fails with 'Failed to save the content of the uploaded file', so no dataset can contain a data file and this feature's legacy control can never render. No issue filed.	2026-09-17
80	Edit Files (Upload)	Download Rsync Upload Script	Not reproducible: rsync upload is not enabled (:UploadMethods=native/http), so the rsync upload script download never renders.	None found; duplicate search not run exhaustively because legacy behavior could not be observed	not-reproducible		verified via /api/admin/settings on 2026-09-17: :UploadMethods=native/http only; :ComputeBaseUrl, :GlobusAppUrl, :MDCLogPath, :DisplayMDCMetrics, :ArchiverClassName, :ArchiverSettings, :WebloaderUrl all unset. The legacy control therefore never renders in this install, so the gap cannot be confirmed against observed behavior and no issue was filed.	2026-09-17
81	Edit Files (Upload)	Upload Files via Dropbox	Not reproducible: Dropbox upload is not enabled (:UploadMethods=native/http).	None found; duplicate search not run exhaustively because legacy behavior could not be observed	not-reproducible		verified via /api/admin/settings on 2026-09-17: :UploadMethods=native/http only; :ComputeBaseUrl, :GlobusAppUrl, :MDCLogPath, :DisplayMDCMetrics, :ArchiverClassName, :ArchiverSettings, :WebloaderUrl all unset. The legacy control therefore never renders in this install, so the gap cannot be confirmed against observed behavior and no issue was filed.	2026-09-17
82	Edit Files (Upload)	Upload Files via Globus	Not reproducible: Globus upload is not enabled (:UploadMethods=native/http).	None found; duplicate search not run exhaustively because legacy behavior could not be observed	not-reproducible		verified via /api/admin/settings on 2026-09-17: :UploadMethods=native/http only; :ComputeBaseUrl, :GlobusAppUrl, :MDCLogPath, :DisplayMDCMetrics, :ArchiverClassName, :ArchiverSettings, :WebloaderUrl all unset. The legacy control therefore never renders in this install, so the gap cannot be confirmed against observed behavior and no issue was filed.	2026-09-17
83	Edit Files (Upload)	Upload Files via Webloader	Not reproducible: Webloader upload is not enabled (:WebloaderUrl unset).	None found; duplicate search not run exhaustively because legacy behavior could not be observed	not-reproducible		verified via /api/admin/settings on 2026-09-17: :UploadMethods=native/http only; :ComputeBaseUrl, :GlobusAppUrl, :MDCLogPath, :DisplayMDCMetrics, :ArchiverClassName, :ArchiverSettings, :WebloaderUrl all unset. The legacy control therefore never renders in this install, so the gap cannot be confirmed against observed behavior and no issue was filed.	2026-09-17
84	Edit Files (Upload)	Set as Dataset Thumbnail	Not reproducible: 'Set as Dataset Thumbnail' appears in the file-upload flow, which cannot be exercised.	None found; duplicate search not run exhaustively because legacy behavior could not be observed	not-reproducible		BLOCKED BY ENVIRONMENT: this install's only storage driver is s3 (dataverse.files.storage-driver-id=s3) pointing at https://s3.us-east-1.amazonaws.com bucket beta-dataverse-direct with placeholder credentials (<S3_ACCESS_KEY>/<S3_SECRET_KEY>), and no MinIO/S3 container runs in the dev stack. Every file upload fails with 'Failed to save the content of the uploaded file', so no dataset can contain a data file and this feature's legacy control can never render. No issue filed.	2026-09-17
85	Edit Files (Upload)	Advanced Ingest Options (Encoding)	Not reproducible: advanced ingest encoding options appear during file upload.	None found; duplicate search not run exhaustively because legacy behavior could not be observed	not-reproducible		BLOCKED BY ENVIRONMENT: this install's only storage driver is s3 (dataverse.files.storage-driver-id=s3) pointing at https://s3.us-east-1.amazonaws.com bucket beta-dataverse-direct with placeholder credentials (<S3_ACCESS_KEY>/<S3_SECRET_KEY>), and no MinIO/S3 container runs in the dev stack. Every file upload fails with 'Failed to save the content of the uploaded file', so no dataset can contain a data file and this feature's legacy control can never render. No issue filed.	2026-09-17
86	Edit Files (Upload)	Upload SPSS-POR Extra Labels File	Not reproducible: the SPSS-POR extra-labels upload requires uploading a .por file.	None found; duplicate search not run exhaustively because legacy behavior could not be observed	not-reproducible		BLOCKED BY ENVIRONMENT: this install's only storage driver is s3 (dataverse.files.storage-driver-id=s3) pointing at https://s3.us-east-1.amazonaws.com bucket beta-dataverse-direct with placeholder credentials (<S3_ACCESS_KEY>/<S3_SECRET_KEY>), and no MinIO/S3 container runs in the dev stack. Every file upload fails with 'Failed to save the content of the uploaded file', so no dataset can contain a data file and this feature's legacy control can never render. No issue filed.	2026-09-17
87	Edit Files (Upload)	Resolve Duplicate/Type-Mismatch Upload	Not reproducible: duplicate/type-mismatch resolution requires completing a file upload.	None found; duplicate search not run exhaustively because legacy behavior could not be observed	not-reproducible		BLOCKED BY ENVIRONMENT: this install's only storage driver is s3 (dataverse.files.storage-driver-id=s3) pointing at https://s3.us-east-1.amazonaws.com bucket beta-dataverse-direct with placeholder credentials (<S3_ACCESS_KEY>/<S3_SECRET_KEY>), and no MinIO/S3 container runs in the dev stack. Every file upload fails with 'Failed to save the content of the uploaded file', so no dataset can contain a data file and this feature's legacy control can never render. No issue filed.	2026-09-17
88	Dataset Files Tab	Toggle Table/Tree View	Not reproducible: the files-tab table/tree toggle requires a dataset containing files.	None found; duplicate search not run exhaustively because legacy behavior could not be observed	not-reproducible		BLOCKED BY ENVIRONMENT: this install's only storage driver is s3 (dataverse.files.storage-driver-id=s3) pointing at https://s3.us-east-1.amazonaws.com bucket beta-dataverse-direct with placeholder credentials (<S3_ACCESS_KEY>/<S3_SECRET_KEY>), and no MinIO/S3 container runs in the dev stack. Every file upload fails with 'Failed to save the content of the uploaded file', so no dataset can contain a data file and this feature's legacy control can never render. No issue filed.	2026-09-17
89	Dataset Files Tab	Batch Globus Transfer	Not reproducible: batch Globus transfer needs both Globus configuration (absent) and data files (impossible).	None found; duplicate search not run exhaustively because legacy behavior could not be observed	not-reproducible		BLOCKED BY ENVIRONMENT: this install's only storage driver is s3 (dataverse.files.storage-driver-id=s3) pointing at https://s3.us-east-1.amazonaws.com bucket beta-dataverse-direct with placeholder credentials (<S3_ACCESS_KEY>/<S3_SECRET_KEY>), and no MinIO/S3 container runs in the dev stack. Every file upload fails with 'Failed to save the content of the uploaded file', so no dataset can contain a data file and this feature's legacy control can never render. No issue filed. Globus is also unconfigured (:UploadMethods=native/http).	2026-09-17
90	Manage Guestbooks	Delete Guestbook	Confirmed stubbed: legacy /manage-guestbooks.xhtml offers Create Dataset Guestbook plus per-guestbook enable/disable, edit, copy, view-responses and delete-with-confirmation; the SPA's 'Dataset Guestbooks' entry in the collection Edit dropdown is wired to NotImplementedModal and there is no guestbooks route.	jp-tosca/dv-modern-fc#6, #2, #3 (sibling stubs in the same dropdown). Nothing found upstream.	issue-created	https://github.com/jp-tosca/dv-modern-fc/issues/16	legacy verified in browser (screenshot 090-guestbooks-legacy.png); SPA stub confirmed in EditCollectionDropdown.tsx (onClick=handleNotImplementedClick). Modern screenshot 006-theme-tab-modern.png shows the same Edit dropdown listing this entry with the shared NotImplementedModal open - a capture triggered specifically from this entry is pending SPA re-authentication.	2026-09-17
91	Manage Guestbooks	Confirm Delete Guestbook	Duplicate of #16: 'Confirm Delete Guestbook' is the confirmation step of the delete action on legacy manage-guestbooks.xhtml.	jp-tosca/dv-modern-fc#16 (collection guestbook management as a whole)	duplicate	https://github.com/jp-tosca/dv-modern-fc/issues/16	control on a legacy guestbook page reached from the collection Guestbooks screen, which the SPA stubs. Not separately actionable; #16's criteria cover it. Individual per-guestbook actions were not exercised because this install has no guestbooks and creating one was unnecessary to establish the gap.	2026-09-17
92	Manage Guestbooks	Cancel Delete Guestbook	Duplicate of #16: 'Cancel Delete Guestbook' dismisses that same confirmation dialog.	jp-tosca/dv-modern-fc#16 (collection guestbook management as a whole)	duplicate	https://github.com/jp-tosca/dv-modern-fc/issues/16	control on a legacy guestbook page reached from the collection Guestbooks screen, which the SPA stubs. Not separately actionable; #16's criteria cover it. Individual per-guestbook actions were not exercised because this install has no guestbooks and creating one was unnecessary to establish the gap.	2026-09-17
93	Manage Templates	Make Default Template	Confirmed stubbed: legacy /manage-templates.xhtml offers Create Dataset Template plus make-default/unset-default, edit, copy and delete; the SPA's 'Dataset Templates' entry in the collection Edit dropdown is wired to NotImplementedModal and there is no templates route or editor.	jp-tosca/dv-modern-fc#16, #6, #2, #3 (sibling stubs in the same dropdown). Nothing found upstream.	issue-created	https://github.com/jp-tosca/dv-modern-fc/issues/17	legacy verified in browser (screenshot 093-templates-legacy.png); SPA stub confirmed in EditCollectionDropdown.tsx. Modern screenshot 006-theme-tab-modern.png shows the same Edit dropdown listing this entry with the shared NotImplementedModal open - a capture triggered specifically from this entry is pending SPA re-authentication.	2026-09-17
94	Manage Templates	Unset Default Template	Duplicate of #17: 'Unset Default Template' is the inverse of the make-default action on legacy manage-templates.xhtml.	jp-tosca/dv-modern-fc#17 (collection dataset-template management as a whole)	duplicate	https://github.com/jp-tosca/dv-modern-fc/issues/17	control on a legacy template page reached from the collection Templates screen, which the SPA stubs. Not separately actionable; #17's criteria cover it. Per-template actions were not exercised because this install has no templates.	2026-09-17
95	Login Page	Contact Support	Legacy login page offers a Contact Support link; the SPA has no login page at all - login is the themed Keycloak page. Superseded by the OIDC delegation established in frontend#652.	IQSS/dataverse-frontend#652 ('Keycloak theming - Login page', CLOSED as completed) and #930 ('Add Warning Message to Login page', CLOSED) establish that the SPA has no login page of its own by design - authentication is delegated to a Keycloak page that the SPA itself themes (src/keycloak-theme/). #868 (closed) covers builtin-user login issues in the SPA.	upstream-covered		ARCHITECTURAL CHANGE, not a missing feature: the SPA authenticates exclusively via OIDC and ships its own Keycloak login theme, so this legacy login-page/account-management affordance has moved to the identity provider and is a per-install Keycloak configuration concern rather than SPA work. Verified: the SPA header's only anonymous action is an OIDC Log In button (Header.tsx) which redirects to the Keycloak realm sign-in page; this install's Keycloak form offers only username/password with no register or forgot-password links, which is Keycloak config. Not filed locally. The one genuine SPA-side gap in this cluster, the missing header Sign Up entry, is filed as jp-tosca/dv-modern-fc#10.	2026-09-17
96	Confirm Email	Confirm Email Address	Still not reproducible: reaching the confirm-email landing page needs a valid token, which requires triggering email verification. Legacy offers 'Send Verification Email' on the account page, but the SPA account tab is read-only (issue #21) so it cannot be triggered there, and consuming a legacy-issued token would only re-confirm that the SPA has no confirm-email route (none exists in Route.enum.ts - only a CONFIRM_EMAIL notification type).	jp-tosca/dv-modern-fc#21 (read-only account tab means email verification cannot be triggered from the SPA at all)	not-reproducible		SPA account tab inspected logged in 2026-09-17 - no verification control; screenshot 105-account-info-modern.png	2026-09-17
97	Confirm Email	Go to Account Page	Still not reproducible: the 'Go to Account Page' button lives on the legacy confirm-email result page, which needs the token from item 96.	jp-tosca/dv-modern-fc#21	not-reproducible		same blocker as item 96	2026-09-17
98	Institutional Login (Shibboleth)	Create New Account	Legacy Shibboleth 'Create New Account' flow; superseded by OIDC account linking - the SPA has no provider-specific account-creation page.	IQSS/dataverse-frontend#652 ('Keycloak theming - Login page', CLOSED as completed) and #930 ('Add Warning Message to Login page', CLOSED) establish that the SPA has no login page of its own by design - authentication is delegated to a Keycloak page that the SPA itself themes (src/keycloak-theme/). #868 (closed) covers builtin-user login issues in the SPA.	upstream-covered		ARCHITECTURAL CHANGE, not a missing feature: the SPA authenticates exclusively via OIDC and ships its own Keycloak login theme, so this legacy login-page/account-management affordance has moved to the identity provider and is a per-install Keycloak configuration concern rather than SPA work. Verified: the SPA header's only anonymous action is an OIDC Log In button (Header.tsx) which redirects to the Keycloak realm sign-in page; this install's Keycloak form offers only username/password with no register or forgot-password links, which is Keycloak config. Not filed locally. The one genuine SPA-side gap in this cluster, the missing header Sign Up entry, is filed as jp-tosca/dv-modern-fc#10.	2026-09-17
99	Institutional Login (Shibboleth)	Cancel Account Creation	Legacy Shibboleth 'Cancel Account Creation'; superseded along with the Shibboleth account-creation page itself.	IQSS/dataverse-frontend#652 ('Keycloak theming - Login page', CLOSED as completed) and #930 ('Add Warning Message to Login page', CLOSED) establish that the SPA has no login page of its own by design - authentication is delegated to a Keycloak page that the SPA itself themes (src/keycloak-theme/). #868 (closed) covers builtin-user login issues in the SPA.	upstream-covered		ARCHITECTURAL CHANGE, not a missing feature: the SPA authenticates exclusively via OIDC and ships its own Keycloak login theme, so this legacy login-page/account-management affordance has moved to the identity provider and is a per-install Keycloak configuration concern rather than SPA work. Verified: the SPA header's only anonymous action is an OIDC Log In button (Header.tsx) which redirects to the Keycloak realm sign-in page; this install's Keycloak form offers only username/password with no register or forgot-password links, which is Keycloak config. Not filed locally. The one genuine SPA-side gap in this cluster, the missing header Sign Up entry, is filed as jp-tosca/dv-modern-fc#10.	2026-09-17
100	Institutional Login (Shibboleth)	Convert Existing Account	Legacy Shibboleth 'Convert Existing Account'; superseded by OIDC account linking.	IQSS/dataverse-frontend#652 ('Keycloak theming - Login page', CLOSED as completed) and #930 ('Add Warning Message to Login page', CLOSED) establish that the SPA has no login page of its own by design - authentication is delegated to a Keycloak page that the SPA itself themes (src/keycloak-theme/). #868 (closed) covers builtin-user login issues in the SPA.	upstream-covered		ARCHITECTURAL CHANGE, not a missing feature: the SPA authenticates exclusively via OIDC and ships its own Keycloak login theme, so this legacy login-page/account-management affordance has moved to the identity provider and is a per-install Keycloak configuration concern rather than SPA work. Verified: the SPA header's only anonymous action is an OIDC Log In button (Header.tsx) which redirects to the Keycloak realm sign-in page; this install's Keycloak form offers only username/password with no register or forgot-password links, which is Keycloak config. Not filed locally. The one genuine SPA-side gap in this cluster, the missing header Sign Up entry, is filed as jp-tosca/dv-modern-fc#10.	2026-09-17
101	Institutional Login (Shibboleth)	Forgot Password	Legacy Shibboleth 'Forgot Password'; password handling moved to the identity provider.	IQSS/dataverse-frontend#652 ('Keycloak theming - Login page', CLOSED as completed) and #930 ('Add Warning Message to Login page', CLOSED) establish that the SPA has no login page of its own by design - authentication is delegated to a Keycloak page that the SPA itself themes (src/keycloak-theme/). #868 (closed) covers builtin-user login issues in the SPA.	upstream-covered		ARCHITECTURAL CHANGE, not a missing feature: the SPA authenticates exclusively via OIDC and ships its own Keycloak login theme, so this legacy login-page/account-management affordance has moved to the identity provider and is a per-install Keycloak configuration concern rather than SPA work. Verified: the SPA header's only anonymous action is an OIDC Log In button (Header.tsx) which redirects to the Keycloak realm sign-in page; this install's Keycloak form offers only username/password with no register or forgot-password links, which is Keycloak config. Not filed locally. The one genuine SPA-side gap in this cluster, the missing header Sign Up entry, is filed as jp-tosca/dv-modern-fc#10.	2026-09-17
102	Convert Account (OAuth)	Convert Existing Account	Legacy OAuth 'Convert Existing Account'; superseded by OIDC account linking.	IQSS/dataverse-frontend#652 ('Keycloak theming - Login page', CLOSED as completed) and #930 ('Add Warning Message to Login page', CLOSED) establish that the SPA has no login page of its own by design - authentication is delegated to a Keycloak page that the SPA itself themes (src/keycloak-theme/). #868 (closed) covers builtin-user login issues in the SPA.	upstream-covered		ARCHITECTURAL CHANGE, not a missing feature: the SPA authenticates exclusively via OIDC and ships its own Keycloak login theme, so this legacy login-page/account-management affordance has moved to the identity provider and is a per-install Keycloak configuration concern rather than SPA work. Verified: the SPA header's only anonymous action is an OIDC Log In button (Header.tsx) which redirects to the Keycloak realm sign-in page; this install's Keycloak form offers only username/password with no register or forgot-password links, which is Keycloak config. Not filed locally. The one genuine SPA-side gap in this cluster, the missing header Sign Up entry, is filed as jp-tosca/dv-modern-fc#10.	2026-09-17
103	Convert Account (OAuth)	Cancel	Legacy OAuth convert 'Cancel'; superseded with the conversion page.	IQSS/dataverse-frontend#652 ('Keycloak theming - Login page', CLOSED as completed) and #930 ('Add Warning Message to Login page', CLOSED) establish that the SPA has no login page of its own by design - authentication is delegated to a Keycloak page that the SPA itself themes (src/keycloak-theme/). #868 (closed) covers builtin-user login issues in the SPA.	upstream-covered		ARCHITECTURAL CHANGE, not a missing feature: the SPA authenticates exclusively via OIDC and ships its own Keycloak login theme, so this legacy login-page/account-management affordance has moved to the identity provider and is a per-install Keycloak configuration concern rather than SPA work. Verified: the SPA header's only anonymous action is an OIDC Log In button (Header.tsx) which redirects to the Keycloak realm sign-in page; this install's Keycloak form offers only username/password with no register or forgot-password links, which is Keycloak config. Not filed locally. The one genuine SPA-side gap in this cluster, the missing header Sign Up entry, is filed as jp-tosca/dv-modern-fc#10.	2026-09-17
104	ORCID Confirmation	Contact Support	Legacy ORCID confirmation Contact Support link; superseded - the SPA has no provider confirmation page.	IQSS/dataverse-frontend#652 ('Keycloak theming - Login page', CLOSED as completed) and #930 ('Add Warning Message to Login page', CLOSED) establish that the SPA has no login page of its own by design - authentication is delegated to a Keycloak page that the SPA itself themes (src/keycloak-theme/). #868 (closed) covers builtin-user login issues in the SPA.	upstream-covered		ARCHITECTURAL CHANGE, not a missing feature: the SPA authenticates exclusively via OIDC and ships its own Keycloak login theme, so this legacy login-page/account-management affordance has moved to the identity provider and is a per-install Keycloak configuration concern rather than SPA work. Verified: the SPA header's only anonymous action is an OIDC Log In button (Header.tsx) which redirects to the Keycloak realm sign-in page; this install's Keycloak form offers only username/password with no register or forgot-password links, which is Keycloak config. Not filed locally. The one genuine SPA-side gap in this cluster, the missing header Sign Up entry, is filed as jp-tosca/dv-modern-fc#10.	2026-09-17
105	Account Information	Edit Account Information	Confirmed missing: legacy Account Information offers an 'Edit Account' dropdown (Edit Account Information / Change Password); the SPA's AccountInfoSection.tsx renders a read-only table with in-source TODOs for exactly these capabilities.	IQSS/dataverse-frontend#712 (closed, navigation bug on the same tab); #1020, #1022 (account-creation proposals that assume editability); #652 (closed - login delegated to Keycloak, relevant to who owns password change)	issue-created	https://github.com/jp-tosca/dv-modern-fc/issues/21	legacy verified in browser (screenshot 105-account-info-legacy.png: Edit Account dropdown, email 'Not Verified' + Send Verification Email). SPA side established from source, unusually conclusively: AccountInfoSection.tsx is a read-only table carrying the authors' own TODOs for edit/password/verified-email, and account.json has no matching strings. No SPA screenshot - session expired and password entry was out of scope.	2026-09-17
106	Account Information	Save Account Changes	Duplicate of #21: 'Save Account Changes' is the submit action of the legacy edit form; the SPA has no edit form to submit.	jp-tosca/dv-modern-fc#21 (Account Information is read-only in the SPA)	duplicate	https://github.com/jp-tosca/dv-modern-fc/issues/21	part of the same read-only Account Information tab; #21's criteria cover it. SPA evidence is the read-only AccountInfoSection.tsx and its TODO comments.	2026-09-17
107	Account Information	Change Password	Duplicate of #21: 'Change Password' is the second item of the legacy Edit Account dropdown; marked '// TODO - Change password' in AccountInfoSection.tsx.	jp-tosca/dv-modern-fc#21 (Account Information is read-only in the SPA)	duplicate	https://github.com/jp-tosca/dv-modern-fc/issues/21	part of the same read-only Account Information tab; #21's criteria cover it. SPA evidence is the read-only AccountInfoSection.tsx and its TODO comments.	2026-09-17
108	Account Information	Save New Password	Duplicate of #21: 'Save New Password' is the submit action of the legacy password form.	jp-tosca/dv-modern-fc#21 (Account Information is read-only in the SPA)	duplicate	https://github.com/jp-tosca/dv-modern-fc/issues/21	part of the same read-only Account Information tab; #21's criteria cover it. SPA evidence is the read-only AccountInfoSection.tsx and its TODO comments.	2026-09-17
109	Account Information	Cancel Edit	Duplicate of #21: 'Cancel Edit' discards the legacy edit form; no equivalent exists because there is no form.	jp-tosca/dv-modern-fc#21 (Account Information is read-only in the SPA)	duplicate	https://github.com/jp-tosca/dv-modern-fc/issues/21	part of the same read-only Account Information tab; #21's criteria cover it. SPA evidence is the read-only AccountInfoSection.tsx and its TODO comments.	2026-09-17
110	Account Information	Remove ORCID iD	Still not reproducible: 'Remove ORCID iD' needs an account with a linked ORCID and a configured ORCID OAuth provider; this install has no OAuth provider and a single builtin account. Note the SPA Account Information tab is read-only anyway (see #21), so no ORCID management could exist there today.	IQSS/dataverse-frontend#1020 (encourage ORCIDs on non-ORCID accounts)	not-reproducible		verified logged in 2026-09-17 - the SPA account tab shows only Username, Given Name, Family Name, Email, Affiliation, Position	2026-09-17
111	Account Information	Link/Authenticate ORCID iD	Still not reproducible: 'Link/Authenticate ORCID iD' needs a configured ORCID OAuth provider, which this install lacks. Same read-only account tab caveat as item 110.	IQSS/dataverse-frontend#1020	not-reproducible		verified logged in 2026-09-17	2026-09-17
112	Account Information	Verify Email Address	Duplicate of #21: 'Verify Email Address' - legacy flags 'Not Verified' and offers 'Send Verification Email'; marked '// TODO - Add verified email icon' in AccountInfoSection.tsx.	jp-tosca/dv-modern-fc#21 (Account Information is read-only in the SPA)	duplicate	https://github.com/jp-tosca/dv-modern-fc/issues/21	part of the same read-only Account Information tab; #21's criteria cover it. SPA evidence is the read-only AccountInfoSection.tsx and its TODO comments.	2026-09-17
113	Account Information	Contact Support	Confirmed missing: legacy carries 'User Guide' and 'Support' in the site header on every page (headerSupportLink opens the installation contact form); the SPA header has only Language, Add Data and the user menu (or Log In), with no support or guide link anywhere. The SPA's only contact affordance is the per-collection 'Email Collection Contact' modal, which has a different recipient and is not reachable from account or dataset pages.	jp-tosca/dv-modern-fc#21, #24 (sibling account-area gaps); #10 (other missing header affordance). Related list rows 95, 104, 222 and 229 are the same missing support route seen from other pages.	issue-created	https://github.com/jp-tosca/dv-modern-fc/issues/26	both sides verified logged in 2026-09-17; screenshots 105-account-info-legacy.png (legacy header with User Guide + Support) and 105-account-info-modern.png (SPA header without). Supersedes the earlier record.	2026-09-17
114	Notifications	Manage Muted Email Notifications	Confirmed missing: the SPA Notifications tab lists notifications with per-row dismiss and Clear All Notifications but has no notification-settings panel. Legacy has a collapsible 'Notification settings' panel with 'Select the email notifications you wish to receive'.	jp-tosca/dv-modern-fc#21 (Account Information read-only - sibling account-area gap)	issue-created	https://github.com/jp-tosca/dv-modern-fc/issues/24	verified logged in 2026-09-17 at /modern/account?tab=notifications; screenshot 114-notifications-modern.png. Supersedes earlier record.	2026-09-17
115	Notifications	Manage Muted In-App Notifications	Duplicate of #24: the in-app muting group is the second checkbox group in the same legacy panel; #24 covers both delivery channels.	jp-tosca/dv-modern-fc#24	duplicate	https://github.com/jp-tosca/dv-modern-fc/issues/24	supersedes earlier record	2026-09-17
116	My Data	Filter by Metadata Validity	NOT A CONFIRMED GAP (revised after authenticated re-check): legacy's My Data metadata-validity filter is feature-flagged off by default - MyDataPage.showValidityFilter() returns JvmSettings.UI_SHOW_VALIDITY_FILTER.lookupOptional(Boolean.class).orElse(false), and it is not enabled in this install, so legacy does not show it either. The SPA My Data panel does implement Publication Status and Roles filters plus username search. A fair comparison needs the flag enabled on both sides.	None found	not-reproducible		verified logged in 2026-09-17 at /modern/account?tab=myData (screenshot 116-mydata-modern.png) and by reading MyDataPage.java. Supersedes the earlier record, which assumed legacy showed the filter.	2026-09-17
117	Manage Permissions	Configure Default Access Settings	Duplicate of #2: 'Configure Default Access Settings' is the legacy permissions-configure.xhtml Q1/Q2 flow (who can add to this collection, and what role new contributors get), reached from the collection Permissions page the SPA stubs.	jp-tosca/dv-modern-fc#2 (collection 'Manage Permissions' shortcut opens the Not Implemented placeholder instead of the permissions page)	duplicate	https://github.com/jp-tosca/dv-modern-fc/issues/2	control on a legacy page reached from the collection Permissions screen, which the SPA stubs with NotImplementedModal (EditCollectionDropdown.tsx). Legacy page confirmed present in src/main/webapp; not separately actionable while the entry point is a placeholder.	2026-09-17
118	Manage Permissions	Assign Role	Duplicate of #2: 'Assign Role' is legacy roles-assign.xhtml, reached from the collection Permissions page.	jp-tosca/dv-modern-fc#2 (collection 'Manage Permissions' shortcut opens the Not Implemented placeholder instead of the permissions page)	duplicate	https://github.com/jp-tosca/dv-modern-fc/issues/2	control on a legacy page reached from the collection Permissions screen, which the SPA stubs with NotImplementedModal (EditCollectionDropdown.tsx). Legacy page confirmed present in src/main/webapp; not separately actionable while the entry point is a placeholder.	2026-09-17
119	Manage Permissions	Remove Role Assignment	Duplicate of #2: 'Remove Role Assignment' acts on a row of the collection Permissions page's assignment table.	jp-tosca/dv-modern-fc#2 (collection 'Manage Permissions' shortcut opens the Not Implemented placeholder instead of the permissions page)	duplicate	https://github.com/jp-tosca/dv-modern-fc/issues/2	control on a legacy page reached from the collection Permissions screen, which the SPA stubs with NotImplementedModal (EditCollectionDropdown.tsx). Legacy page confirmed present in src/main/webapp; not separately actionable while the entry point is a placeholder.	2026-09-17
120	Manage Permissions	Create Custom Role	Duplicate of #2: 'Create Custom Role' is legacy roles-edit.xhtml, reached from the collection Permissions page.	jp-tosca/dv-modern-fc#2 (collection 'Manage Permissions' shortcut opens the Not Implemented placeholder instead of the permissions page)	duplicate	https://github.com/jp-tosca/dv-modern-fc/issues/2	control on a legacy page reached from the collection Permissions screen, which the SPA stubs with NotImplementedModal (EditCollectionDropdown.tsx). Legacy page confirmed present in src/main/webapp; not separately actionable while the entry point is a placeholder.	2026-09-17
121	Manage Permissions	Duplicate Role	Duplicate of #2: 'Duplicate Role' clones an existing custom role from the same roles screen.	jp-tosca/dv-modern-fc#2 (collection 'Manage Permissions' shortcut opens the Not Implemented placeholder instead of the permissions page)	duplicate	https://github.com/jp-tosca/dv-modern-fc/issues/2	control on a legacy page reached from the collection Permissions screen, which the SPA stubs with NotImplementedModal (EditCollectionDropdown.tsx). Legacy page confirmed present in src/main/webapp; not separately actionable while the entry point is a placeholder.	2026-09-17
122	Manage Permissions	Edit Role	Duplicate of #2: 'Edit Role' reopens roles-edit.xhtml for an existing custom role.	jp-tosca/dv-modern-fc#2 (collection 'Manage Permissions' shortcut opens the Not Implemented placeholder instead of the permissions page)	duplicate	https://github.com/jp-tosca/dv-modern-fc/issues/2	control on a legacy page reached from the collection Permissions screen, which the SPA stubs with NotImplementedModal (EditCollectionDropdown.tsx). Legacy page confirmed present in src/main/webapp; not separately actionable while the entry point is a placeholder.	2026-09-17
123	Manage Permissions	Save Role	Duplicate of #2: 'Save Role' submits the custom-role form.	jp-tosca/dv-modern-fc#2 (collection 'Manage Permissions' shortcut opens the Not Implemented placeholder instead of the permissions page)	duplicate	https://github.com/jp-tosca/dv-modern-fc/issues/2	control on a legacy page reached from the collection Permissions screen, which the SPA stubs with NotImplementedModal (EditCollectionDropdown.tsx). Legacy page confirmed present in src/main/webapp; not separately actionable while the entry point is a placeholder.	2026-09-17
124	Manage Permissions	Download Role Assignment History	Duplicate of #2: 'Download Role Assignment History' exports the assignment history shown on the collection Permissions page (dataverse.permissions.history.download).	jp-tosca/dv-modern-fc#2 (collection 'Manage Permissions' shortcut opens the Not Implemented placeholder instead of the permissions page)	duplicate	https://github.com/jp-tosca/dv-modern-fc/issues/2	control on a legacy page reached from the collection Permissions screen, which the SPA stubs with NotImplementedModal (EditCollectionDropdown.tsx). Legacy page confirmed present in src/main/webapp; not separately actionable while the entry point is a placeholder.	2026-09-17
125	Manage File Permissions	Grant File Access	Duplicate of #20: 'Grant File Access' on the legacy file-permissions screen.	jp-tosca/dv-modern-fc#20 (dataset and file permissions management as a whole)	duplicate	https://github.com/jp-tosca/dv-modern-fc/issues/20	control on a legacy dataset/file permissions screen, both reached from the one stubbed SPA submenu. Not separately actionable; #20's criteria cover it. File-level controls additionally could not be observed because no data file can exist in this install (s3-only storage with placeholder credentials).	2026-09-17
126	Manage File Permissions	Grant All File Access Requests	Duplicate of #20: 'Grant All File Access Requests'.	jp-tosca/dv-modern-fc#20 (dataset and file permissions management as a whole)	duplicate	https://github.com/jp-tosca/dv-modern-fc/issues/20	control on a legacy dataset/file permissions screen, both reached from the one stubbed SPA submenu. Not separately actionable; #20's criteria cover it. File-level controls additionally could not be observed because no data file can exist in this install (s3-only storage with placeholder credentials).	2026-09-17
127	Manage File Permissions	Grant Selected File Access Requests	Duplicate of #20: 'Grant Selected File Access Requests'.	jp-tosca/dv-modern-fc#20 (dataset and file permissions management as a whole)	duplicate	https://github.com/jp-tosca/dv-modern-fc/issues/20	control on a legacy dataset/file permissions screen, both reached from the one stubbed SPA submenu. Not separately actionable; #20's criteria cover it. File-level controls additionally could not be observed because no data file can exist in this install (s3-only storage with placeholder credentials).	2026-09-17
128	Manage File Permissions	Reject All File Access Requests	Duplicate of #20: 'Reject All File Access Requests'.	jp-tosca/dv-modern-fc#20 (dataset and file permissions management as a whole)	duplicate	https://github.com/jp-tosca/dv-modern-fc/issues/20	control on a legacy dataset/file permissions screen, both reached from the one stubbed SPA submenu. Not separately actionable; #20's criteria cover it. File-level controls additionally could not be observed because no data file can exist in this install (s3-only storage with placeholder credentials).	2026-09-17
129	Manage File Permissions	Reject Selected File Access Requests	Duplicate of #20: 'Reject Selected File Access Requests'.	jp-tosca/dv-modern-fc#20 (dataset and file permissions management as a whole)	duplicate	https://github.com/jp-tosca/dv-modern-fc/issues/20	control on a legacy dataset/file permissions screen, both reached from the one stubbed SPA submenu. Not separately actionable; #20's criteria cover it. File-level controls additionally could not be observed because no data file can exist in this install (s3-only storage with placeholder credentials).	2026-09-17
130	Manage File Permissions	Revoke File Access	Duplicate of #20: 'Revoke File Access' for an already-granted user.	jp-tosca/dv-modern-fc#20 (dataset and file permissions management as a whole)	duplicate	https://github.com/jp-tosca/dv-modern-fc/issues/20	control on a legacy dataset/file permissions screen, both reached from the one stubbed SPA submenu. Not separately actionable; #20's criteria cover it. File-level controls additionally could not be observed because no data file can exist in this install (s3-only storage with placeholder credentials).	2026-09-17
131	Manage File Permissions	Toggle Show Deleted Files	Duplicate of #20: 'Toggle Show Deleted Files'.	jp-tosca/dv-modern-fc#20 (dataset and file permissions management as a whole)	duplicate	https://github.com/jp-tosca/dv-modern-fc/issues/20	control on a legacy dataset/file permissions screen, both reached from the one stubbed SPA submenu. Not separately actionable; #20's criteria cover it. File-level controls additionally could not be observed because no data file can exist in this install (s3-only storage with placeholder credentials).	2026-09-17
132	Manage File Permissions	Toggle Show Access Request History	Duplicate of #20: 'Toggle Show Access Request History'.	jp-tosca/dv-modern-fc#20 (dataset and file permissions management as a whole)	duplicate	https://github.com/jp-tosca/dv-modern-fc/issues/20	control on a legacy dataset/file permissions screen, both reached from the one stubbed SPA submenu. Not separately actionable; #20's criteria cover it. File-level controls additionally could not be observed because no data file can exist in this install (s3-only storage with placeholder credentials).	2026-09-17
133	Manage File Permissions	Download File Permissions History	Duplicate of #20: 'Download File Permissions History'.	jp-tosca/dv-modern-fc#20 (dataset and file permissions management as a whole)	duplicate	https://github.com/jp-tosca/dv-modern-fc/issues/20	control on a legacy dataset/file permissions screen, both reached from the one stubbed SPA submenu. Not separately actionable; #20's criteria cover it. File-level controls additionally could not be observed because no data file can exist in this install (s3-only storage with placeholder credentials).	2026-09-17
134	Manage Groups	Create Explicit Group	Duplicate of #3: 'Create Explicit Group' is the legacy explicitGroup-new-dialog.xhtml flow on manage-groups.xhtml.	jp-tosca/dv-modern-fc#3 (collection 'Manage Groups' shortcut opens the Not Implemented placeholder instead of the groups page)	duplicate	https://github.com/jp-tosca/dv-modern-fc/issues/3	control on legacy manage-groups.xhtml / explicitGroup-new-dialog.xhtml, reached from the collection Groups screen, which the SPA stubs with NotImplementedModal. Not separately actionable while the entry point is a placeholder.	2026-09-17
135	Manage Groups	Edit Group Membership	Duplicate of #3: 'Edit Group Membership' edits an existing explicit group's members on the same page.	jp-tosca/dv-modern-fc#3 (collection 'Manage Groups' shortcut opens the Not Implemented placeholder instead of the groups page)	duplicate	https://github.com/jp-tosca/dv-modern-fc/issues/3	control on legacy manage-groups.xhtml / explicitGroup-new-dialog.xhtml, reached from the collection Groups screen, which the SPA stubs with NotImplementedModal. Not separately actionable while the entry point is a placeholder.	2026-09-17
136	Manage Groups	Remove Group Member	Duplicate of #3: 'Remove Group Member' acts on a row of the group's member list.	jp-tosca/dv-modern-fc#3 (collection 'Manage Groups' shortcut opens the Not Implemented placeholder instead of the groups page)	duplicate	https://github.com/jp-tosca/dv-modern-fc/issues/3	control on legacy manage-groups.xhtml / explicitGroup-new-dialog.xhtml, reached from the collection Groups screen, which the SPA stubs with NotImplementedModal. Not separately actionable while the entry point is a placeholder.	2026-09-17
137	Manage Groups	Delete Group	Duplicate of #3: 'Delete Group' removes an explicit group from manage-groups.xhtml.	jp-tosca/dv-modern-fc#3 (collection 'Manage Groups' shortcut opens the Not Implemented placeholder instead of the groups page)	duplicate	https://github.com/jp-tosca/dv-modern-fc/issues/3	control on legacy manage-groups.xhtml / explicitGroup-new-dialog.xhtml, reached from the collection Groups screen, which the SPA stubs with NotImplementedModal. Not separately actionable while the entry point is a placeholder.	2026-09-17
138	Role Permission Helper	View Role/Permission Matrix	CONFIRMED MISSING but not filed: legacy /role_permission_helper.xhtml renders a 'Role/Permission Relationships' reference matrix (roles x Dataverse/Dataset/File, plus roles-by-permission lists) and the SPA has no equivalent (no rolePermission/matrix references in src/). Not filed because this is an internal reference/debug page rather than a user-facing feature - the same judgement applied to the DataTags 'Temporary API Tester' pages in items 180-181. Raise an issue only if the team wants parity for admin reference tooling.	None found	not-reproducible		legacy page verified in browser on 2026-09-17; recorded as not-reproducible only because the progress vocabulary has no 'confirmed-but-not-filed' action	2026-09-17
139	Private URL	Create Private URL	Duplicate of #19: the 'Private URL - Create Private URL' row is the same legacy dialog, renamed 'Preview URL' in 6.11.	jp-tosca/dv-modern-fc#19 (private/preview URL creation as a whole)	duplicate	https://github.com/jp-tosca/dv-modern-fc/issues/19	control in the legacy Preview URL dialog, which the SPA stubs behind a single menu entry. Not separately actionable; #19's criteria cover it.	2026-09-17
140	Private URL	Copy Private URL Link	Duplicate of #19: 'Copy Private URL Link' - same Copy to Clipboard control.	jp-tosca/dv-modern-fc#19 (private/preview URL creation as a whole)	duplicate	https://github.com/jp-tosca/dv-modern-fc/issues/19	control in the legacy Preview URL dialog, which the SPA stubs behind a single menu entry. Not separately actionable; #19's criteria cover it.	2026-09-17
141	Private URL	Disable Private URL	Duplicate of #19: 'Disable Private URL' - same Disable control.	jp-tosca/dv-modern-fc#19 (private/preview URL creation as a whole)	duplicate	https://github.com/jp-tosca/dv-modern-fc/issues/19	control in the legacy Preview URL dialog, which the SPA stubs behind a single menu entry. Not separately actionable; #19's criteria cover it.	2026-09-17
142	Preview URL	Create Anonymized Access Preview URL	Duplicate of #19: 'Create Anonymized Access Preview URL' - same unavailable anonymized variant as item 41 (:AnonymizedFieldTypeNames unset).	jp-tosca/dv-modern-fc#19 (private/preview URL creation as a whole)	duplicate	https://github.com/jp-tosca/dv-modern-fc/issues/19	control in the legacy Preview URL dialog, which the SPA stubs behind a single menu entry. Not separately actionable; #19's criteria cover it.	2026-09-17
143	Preview URL	Copy Preview URL Link	Duplicate of #19: 'Copy Preview URL Link' - same Copy to Clipboard control.	jp-tosca/dv-modern-fc#19 (private/preview URL creation as a whole)	duplicate	https://github.com/jp-tosca/dv-modern-fc/issues/19	control in the legacy Preview URL dialog, which the SPA stubs behind a single menu entry. Not separately actionable; #19's criteria cover it.	2026-09-17
144	Preview URL	Disable Preview URL	Duplicate of #19: 'Disable Preview URL' - same Disable control.	jp-tosca/dv-modern-fc#19 (private/preview URL creation as a whole)	duplicate	https://github.com/jp-tosca/dv-modern-fc/issues/19	control in the legacy Preview URL dialog, which the SPA stubs behind a single menu entry. Not separately actionable; #19's criteria cover it.	2026-09-17
145	Harvesting Clients	Create Harvesting Client (Step 1 - Info)	Confirmed absent: legacy 'Add Client' opens a 4-step Create Harvesting Client wizard (Step 1 of 4 - Client Information: Nickname, Source Name, Server Protocol OAI, Server URL, Local Dataverse, Custom HTTP Header). The SPA has no harvesting UI at all - the only 'harvest' matches in src/ are the homepage harvested-datasets metric.	jp-tosca/dv-modern-fc#5 (no SPA dashboard - prerequisite); #13 (harvesting server, sibling); #8 (Move Dataset, sibling dashboard tool). Nothing found upstream.	issue-created	https://github.com/jp-tosca/dv-modern-fc/issues/12	legacy verified in browser (screenshots 145-harvest-client-wizard-legacy.png, 155-harvest-server-legacy.png, 145-harvest-modern-404.png); SPA absence is auth-independent - no harvesting route exists in Route.enum.ts and any harvesting path 404s. No harvesting client or OAI set was created: /api/harvest/clients and /api/harvest/server/oaisets both returned empty afterwards.	2026-09-17
146	Harvesting Clients	Create Harvesting Client (Step 2 - Format)	Duplicate of #12: wizard step 2 (metadata format). Observed as part of the 'Step 1 of 4' wizard structure; individual later steps were not walked because completing them would create a harvesting client (install configuration).	jp-tosca/dv-modern-fc#12 (harvesting client administration as a whole)	duplicate	https://github.com/jp-tosca/dv-modern-fc/issues/12	step or action within the legacy Manage Harvesting Clients page; the whole page is absent from the SPA so this is not separately actionable. #12's acceptance criteria cover it.	2026-09-17
147	Harvesting Clients	Create Harvesting Client (Step 3 - Schedule)	Duplicate of #12: wizard step 3 (schedule). Same scope note as item 146.	jp-tosca/dv-modern-fc#12 (harvesting client administration as a whole)	duplicate	https://github.com/jp-tosca/dv-modern-fc/issues/12	step or action within the legacy Manage Harvesting Clients page; the whole page is absent from the SPA so this is not separately actionable. #12's acceptance criteria cover it.	2026-09-17
148	Harvesting Clients	Create Harvesting Client (Step 4 - Display)	Duplicate of #12: wizard step 4 (display settings). Same scope note as item 146.	jp-tosca/dv-modern-fc#12 (harvesting client administration as a whole)	duplicate	https://github.com/jp-tosca/dv-modern-fc/issues/12	step or action within the legacy Manage Harvesting Clients page; the whole page is absent from the SPA so this is not separately actionable. #12's acceptance criteria cover it.	2026-09-17
149	Harvesting Clients	Run Harvest Now	Duplicate of #12: 'Run Harvest Now' per-client action. Not observed directly - this install has zero harvesting clients and creating one would be install configuration; described from harvestclients.xhtml.	jp-tosca/dv-modern-fc#12 (harvesting client administration as a whole)	duplicate	https://github.com/jp-tosca/dv-modern-fc/issues/12	step or action within the legacy Manage Harvesting Clients page; the whole page is absent from the SPA so this is not separately actionable. #12's acceptance criteria cover it.	2026-09-17
150	Harvesting Clients	Edit Harvesting Client	Duplicate of #12: Edit an existing harvesting client. Not observed directly for the same reason as item 149.	jp-tosca/dv-modern-fc#12 (harvesting client administration as a whole)	duplicate	https://github.com/jp-tosca/dv-modern-fc/issues/12	step or action within the legacy Manage Harvesting Clients page; the whole page is absent from the SPA so this is not separately actionable. #12's acceptance criteria cover it.	2026-09-17
151	Harvesting Clients	Save Harvesting Client	Duplicate of #12: Save a harvesting client. Not exercised deliberately - saving would create install configuration.	jp-tosca/dv-modern-fc#12 (harvesting client administration as a whole)	duplicate	https://github.com/jp-tosca/dv-modern-fc/issues/12	step or action within the legacy Manage Harvesting Clients page; the whole page is absent from the SPA so this is not separately actionable. #12's acceptance criteria cover it.	2026-09-17
152	Harvesting Clients	Delete Harvesting Client	Duplicate of #12: Delete a harvesting client. Not observed directly - no clients exist.	jp-tosca/dv-modern-fc#12 (harvesting client administration as a whole)	duplicate	https://github.com/jp-tosca/dv-modern-fc/issues/12	step or action within the legacy Manage Harvesting Clients page; the whole page is absent from the SPA so this is not separately actionable. #12's acceptance criteria cover it.	2026-09-17
153	Harvesting Clients	Cancel Harvesting Client Dialog	Duplicate of #12: Cancel the harvesting client dialog. Observed - the wizard's Cancel link was used to close the dialog without creating a client.	jp-tosca/dv-modern-fc#12 (harvesting client administration as a whole)	duplicate	https://github.com/jp-tosca/dv-modern-fc/issues/12	step or action within the legacy Manage Harvesting Clients page; the whole page is absent from the SPA so this is not separately actionable. #12's acceptance criteria cover it.	2026-09-17
154	Harvesting Clients	Navigate Wizard Steps	Duplicate of #12: Next/Previous wizard navigation. Observed as the 'Step 1 of 4' header and Next control.	jp-tosca/dv-modern-fc#12 (harvesting client administration as a whole)	duplicate	https://github.com/jp-tosca/dv-modern-fc/issues/12	step or action within the legacy Manage Harvesting Clients page; the whole page is absent from the SPA so this is not separately actionable. #12's acceptance criteria cover it.	2026-09-17
155	Harvesting Sets	Toggle Harvesting Server On/Off	Confirmed absent: legacy Manage Harvesting Server page exposes an 'OAI Server' enable/disable control (showing 'Disabled' here); the SPA has no harvesting-server route or component.	jp-tosca/dv-modern-fc#12 (harvesting clients, sibling); #5 (no SPA dashboard - prerequisite). Nothing found upstream.	issue-created	https://github.com/jp-tosca/dv-modern-fc/issues/13	legacy verified in browser (screenshots 145-harvest-client-wizard-legacy.png, 155-harvest-server-legacy.png, 145-harvest-modern-404.png); SPA absence is auth-independent - no harvesting route exists in Route.enum.ts and any harvesting path 404s. No harvesting client or OAI set was created: /api/harvest/clients and /api/harvest/server/oaisets both returned empty afterwards.	2026-09-17
156	Harvesting Sets	Create OAI Set (Enter Query)	Duplicate of #13: Create OAI Set - enter the defining search query.	jp-tosca/dv-modern-fc#13 (harvesting server / OAI set administration as a whole)	duplicate	https://github.com/jp-tosca/dv-modern-fc/issues/13	control within the legacy Manage Harvesting Server page. The OAI set controls render only once the OAI server is enabled, which is installation-wide configuration and was deliberately not changed, so these were described from harvestsets.xhtml rather than observed. The whole page is absent from the SPA, so none is separately actionable; #13's criteria cover them.	2026-09-17
157	Harvesting Sets	Create OAI Set (Name & Describe)	Duplicate of #13: Create OAI Set - name and describe the set.	jp-tosca/dv-modern-fc#13 (harvesting server / OAI set administration as a whole)	duplicate	https://github.com/jp-tosca/dv-modern-fc/issues/13	control within the legacy Manage Harvesting Server page. The OAI set controls render only once the OAI server is enabled, which is installation-wide configuration and was deliberately not changed, so these were described from harvestsets.xhtml rather than observed. The whole page is absent from the SPA, so none is separately actionable; #13's criteria cover them.	2026-09-17
158	Harvesting Sets	Run Set Export Now	Duplicate of #13: 'Run Set Export Now' for an existing set.	jp-tosca/dv-modern-fc#13 (harvesting server / OAI set administration as a whole)	duplicate	https://github.com/jp-tosca/dv-modern-fc/issues/13	control within the legacy Manage Harvesting Server page. The OAI set controls render only once the OAI server is enabled, which is installation-wide configuration and was deliberately not changed, so these were described from harvestsets.xhtml rather than observed. The whole page is absent from the SPA, so none is separately actionable; #13's criteria cover them.	2026-09-17
159	Harvesting Sets	Edit OAI Set	Duplicate of #13: Edit an existing OAI set.	jp-tosca/dv-modern-fc#13 (harvesting server / OAI set administration as a whole)	duplicate	https://github.com/jp-tosca/dv-modern-fc/issues/13	control within the legacy Manage Harvesting Server page. The OAI set controls render only once the OAI server is enabled, which is installation-wide configuration and was deliberately not changed, so these were described from harvestsets.xhtml rather than observed. The whole page is absent from the SPA, so none is separately actionable; #13's criteria cover them.	2026-09-17
160	Harvesting Sets	Save OAI Set	Duplicate of #13: Save an OAI set.	jp-tosca/dv-modern-fc#13 (harvesting server / OAI set administration as a whole)	duplicate	https://github.com/jp-tosca/dv-modern-fc/issues/13	control within the legacy Manage Harvesting Server page. The OAI set controls render only once the OAI server is enabled, which is installation-wide configuration and was deliberately not changed, so these were described from harvestsets.xhtml rather than observed. The whole page is absent from the SPA, so none is separately actionable; #13's criteria cover them.	2026-09-17
161	Harvesting Sets	Delete OAI Set	Duplicate of #13: Delete an OAI set.	jp-tosca/dv-modern-fc#13 (harvesting server / OAI set administration as a whole)	duplicate	https://github.com/jp-tosca/dv-modern-fc/issues/13	control within the legacy Manage Harvesting Server page. The OAI set controls render only once the OAI server is enabled, which is installation-wide configuration and was deliberately not changed, so these were described from harvestsets.xhtml rather than observed. The whole page is absent from the SPA, so none is separately actionable; #13's criteria cover them.	2026-09-17
162	Harvesting Sets	Cancel OAI Set Dialog	Duplicate of #13: Cancel the OAI set dialog.	jp-tosca/dv-modern-fc#13 (harvesting server / OAI set administration as a whole)	duplicate	https://github.com/jp-tosca/dv-modern-fc/issues/13	control within the legacy Manage Harvesting Server page. The OAI set controls render only once the OAI server is enabled, which is installation-wide configuration and was deliberately not changed, so these were described from harvestsets.xhtml rather than observed. The whole page is absent from the SPA, so none is separately actionable; #13's criteria cover them.	2026-09-17
163	Harvesting Sets	Navigate Set Creation Steps	Duplicate of #13: Navigate the set-creation steps.	jp-tosca/dv-modern-fc#13 (harvesting server / OAI set administration as a whole)	duplicate	https://github.com/jp-tosca/dv-modern-fc/issues/13	control within the legacy Manage Harvesting Server page. The OAI set controls render only once the OAI server is enabled, which is installation-wide configuration and was deliberately not changed, so these were described from harvestsets.xhtml rather than observed. The whole page is absent from the SPA, so none is separately actionable; #13's criteria cover them.	2026-09-17
164	Dashboard	View Dashboard Metrics	Duplicate of #5: the dashboard's metric counts (Users/Superusers, Datasets/Dataverses, harvesting client and set counts) are rendered on the legacy dashboard page, which the SPA does not have at all.	jp-tosca/dv-modern-fc#5 (SPA has no dashboard and no dashboard entry point)	duplicate	https://github.com/jp-tosca/dv-modern-fc/issues/5	element of the legacy /dashboard.xhtml page itself; verified absent in the SPA as part of item 5 (screenshots 005-header-dashboard-{legacy,modern}.png show the legacy dashboard cards and the SPA dropdown with no Dashboard entry; /modern/dashboard returns /modern/404). #5's acceptance criteria cover the dashboard exposing these functions.	2026-09-17
165	Dashboard	Go to Manage Harvesting Clients	Duplicate of #5: the 'Manage Clients' link on the legacy dashboard's Harvesting Clients card.	jp-tosca/dv-modern-fc#5 (SPA has no dashboard and no dashboard entry point)	duplicate	https://github.com/jp-tosca/dv-modern-fc/issues/5	element of the legacy /dashboard.xhtml page itself; verified absent in the SPA as part of item 5 (screenshots 005-header-dashboard-{legacy,modern}.png show the legacy dashboard cards and the SPA dropdown with no Dashboard entry; /modern/dashboard returns /modern/404). #5's acceptance criteria cover the dashboard exposing these functions.	2026-09-17
166	Dashboard	Go to Manage Harvesting Server	Duplicate of #5: the 'Manage Server' link on the legacy dashboard's Harvesting Server card.	jp-tosca/dv-modern-fc#5 (SPA has no dashboard and no dashboard entry point)	duplicate	https://github.com/jp-tosca/dv-modern-fc/issues/5	element of the legacy /dashboard.xhtml page itself; verified absent in the SPA as part of item 5 (screenshots 005-header-dashboard-{legacy,modern}.png show the legacy dashboard cards and the SPA dropdown with no Dashboard entry; /modern/dashboard returns /modern/404). #5's acceptance criteria cover the dashboard exposing these functions.	2026-09-17
167	Dashboard	Go to Manage Users	Duplicate of #5: the 'Manage Users' link on the legacy dashboard's Users card.	jp-tosca/dv-modern-fc#5 (SPA has no dashboard and no dashboard entry point)	duplicate	https://github.com/jp-tosca/dv-modern-fc/issues/5	element of the legacy /dashboard.xhtml page itself; verified absent in the SPA as part of item 5 (screenshots 005-header-dashboard-{legacy,modern}.png show the legacy dashboard cards and the SPA dropdown with no Dashboard entry; /modern/dashboard returns /modern/404). #5's acceptance criteria cover the dashboard exposing these functions.	2026-09-17
168	Dashboard	Go to Move Dataset Tool	Duplicate of #5: the 'Move Dataset' link on the legacy dashboard's Data card.	jp-tosca/dv-modern-fc#5 (SPA has no dashboard and no dashboard entry point) ; jp-tosca/dv-modern-fc#8 (the Move Dataset workflow the link leads to)	duplicate	https://github.com/jp-tosca/dv-modern-fc/issues/5	element of the legacy /dashboard.xhtml page itself; verified absent in the SPA as part of item 5 (screenshots 005-header-dashboard-{legacy,modern}.png show the legacy dashboard cards and the SPA dropdown with no Dashboard entry; /modern/dashboard returns /modern/404). #5's acceptance criteria cover the dashboard exposing these functions.	2026-09-17
169	Dashboard	Go to Move Dataverse Tool	Duplicate of #5: the 'Move Dataverse' link on the legacy dashboard's Data card.	jp-tosca/dv-modern-fc#5 (SPA has no dashboard and no dashboard entry point) ; IQSS/dataverse-frontend#309 (move-collection UI upstream)	duplicate	https://github.com/jp-tosca/dv-modern-fc/issues/5	element of the legacy /dashboard.xhtml page itself; verified absent in the SPA as part of item 5 (screenshots 005-header-dashboard-{legacy,modern}.png show the legacy dashboard cards and the SPA dropdown with no Dashboard entry; /modern/dashboard returns /modern/404). #5's acceptance criteria cover the dashboard exposing these functions.	2026-09-17
170	Manage Users	Search Users	Confirmed absent: legacy /dashboard-users.xhtml lists all accounts with a 'Search these users...' box, Sort control, and columns ID/Username/Name/Email/Affiliation/Authentication/Roles(+Remove All)/Superuser. The SPA has no user-administration route or component; its only superuser references are read-only view checks.	IQSS/dataverse-frontend#258 (add graphical builtin-user creation - presupposes this page, depends on it); IQSS/dataverse#11336 (legacy superuser sort bug); jp-tosca/dv-modern-fc#5 (no SPA dashboard - prerequisite)	issue-created	https://github.com/jp-tosca/dv-modern-fc/issues/14	screenshots 170-manage-users-legacy.png, 170-manage-users-modern-404.png. Superuser checkbox and Remove All deliberately NOT clicked - this install has one account (dataverseAdmin) and revoking its roles/superuser status could have locked admin access out. SPA absence is auth-independent (route missing from Route.enum.ts).	2026-09-17
171	Manage Users	Sort User List	Duplicate of #14: Sort control offering ascending/descending order per column. Observed on the page.	jp-tosca/dv-modern-fc#14 (Manage Users administration as a whole)	duplicate	https://github.com/jp-tosca/dv-modern-fc/issues/14	control within the legacy Manage Users page; the whole page is absent from the SPA so this is not separately actionable. #14's acceptance criteria cover it.	2026-09-17
172	Manage Users	Page Through User List	Duplicate of #14: pagination of the user list. Not exercised - this install has a single user, so only '1 to 1 of 1 Result' renders; described from dashboard-users.xhtml.	jp-tosca/dv-modern-fc#14 (Manage Users administration as a whole)	duplicate	https://github.com/jp-tosca/dv-modern-fc/issues/14	control within the legacy Manage Users page; the whole page is absent from the SPA so this is not separately actionable. #14's acceptance criteria cover it.	2026-09-17
173	Manage Users	Toggle Superuser Status	Duplicate of #14: per-user Superuser checkbox. Observed but deliberately not toggled (single admin account - risk of locking out administrative access).	jp-tosca/dv-modern-fc#14 (Manage Users administration as a whole)	duplicate	https://github.com/jp-tosca/dv-modern-fc/issues/14	control within the legacy Manage Users page; the whole page is absent from the SPA so this is not separately actionable. #14's acceptance criteria cover it.	2026-09-17
174	Manage Users	Cancel Superuser Status Change	Duplicate of #14: cancelling the superuser-status confirmation dialog. Not observed because the toggle was deliberately not clicked; described from source.	jp-tosca/dv-modern-fc#14 (Manage Users administration as a whole)	duplicate	https://github.com/jp-tosca/dv-modern-fc/issues/14	control within the legacy Manage Users page; the whole page is absent from the SPA so this is not separately actionable. #14's acceptance criteria cover it.	2026-09-17
175	Manage Users	Remove All User Roles	Duplicate of #14: 'Remove All' roles action per user. Observed as a button but deliberately not clicked (would strip the only admin's roles).	jp-tosca/dv-modern-fc#14 (Manage Users administration as a whole)	duplicate	https://github.com/jp-tosca/dv-modern-fc/issues/14	control within the legacy Manage Users page; the whole page is absent from the SPA so this is not separately actionable. #14's acceptance criteria cover it.	2026-09-17
176	Superuser	Index All	Confirmed absent: legacy /superuser.xhtml offers 'Index All' and 'Check Status of Index All' with a status line ('No status available'); the SPA has no reindex route, component or strings.	jp-tosca/dv-modern-fc#14, #12, #13 (sibling superuser tooling gaps); #5 (no SPA dashboard). Nothing found upstream.	issue-created	https://github.com/jp-tosca/dv-modern-fc/issues/15	screenshots 176-superuser-indexall-legacy.png, 170-manage-users-modern-404.png. 'Index All' deliberately NOT clicked - it starts a full installation-wide Solr reindex, outside the read-only intent of this review.	2026-09-17
177	Superuser	Check Status of Index All	Duplicate of #15: 'Check Status of Index All' is the second button on the same legacy superuser page, and is covered by the same issue.	jp-tosca/dv-modern-fc#15 (superuser reindex tools as a whole)	duplicate	https://github.com/jp-tosca/dv-modern-fc/issues/15	observed on the legacy page; not clicked, since no reindex was triggered	2026-09-17
178	Error Pages	404 Static Fallback Page	ALREADY IMPLEMENTED (with a caveat): the SPA does have a 404 page - NotFoundPage at Route.NOT_FOUND_PAGE ('/404'), src/sections/not-found-page/NotFoundPage.tsx - and unknown routes redirect to it, rendering 'WE CAN'T FIND THE PAGE YOU'RE LOOKING FOR'. Observed repeatedly this session (e.g. /modern/dashboard and /modern/dashboard/move-dataset both land on /modern/404). CAVEAT: legacy's 404static.xhtml is a server-level fallback wired in web.xml, whereas the SPA's is a client-side route that needs the JS bundle to load; if a reviewer specifically wants a static server-served fallback, that narrower point remains open.	None needed for the user-visible 404; see jp-tosca/dv-modern-fc items 230/231 for the missing 403 and 500 variants	already-implemented		screenshot evidence already captured incidentally as 055-move-dataset-modern.png (the SPA 404 page)	2026-09-17
179	Embeddable Widgets	Dataset Citation iFrame	NOT AN SPA GAP - the row is a category error. The embeddable dataset-citation widget is served by the BACKEND, not by either frontend: http://localhost:8080/resources/js/widgets.js returns 200 (text/javascript) and is embedded on third-party sites, so the widget keeps working regardless of which frontend an installation runs. The genuine SPA gaps in this area are the admin screens that hand out the embed code, tracked as jp-tosca/dv-modern-fc#7 (collection widgets) and item 24 (dataset widgets).	jp-tosca/dv-modern-fc#7 (collection Widgets tab absent from SPA); missing-items item 24 (dataset Widgets tab)	already-implemented		verified widgets.js is served by the legacy/backend app on 2026-09-17; no SPA route is expected or required for widget rendering	2026-09-17
180	DataTags Test Tool	Submit Dataset Name for DataTags Interview	NOT A PRODUCT FEATURE: the legacy page is src/main/webapp/datatags-api-test.xhtml, whose own <title> is 'Temporary API Tester' - JSF-era developer scaffolding for a DataTags API experiment, with no settings gating it and no user-facing entry point. The SPA reasonably omits it; no issue is warranted.	None found	not-reproducible		recorded as not-reproducible because the progress vocabulary has no 'not-applicable' action; the verdict is that there is no product gap here	2026-09-17
181	DataTags Test Tool	DataTags Deposit Complete (Test Display)	NOT A PRODUCT FEATURE: companion page datatags-api-test-deposit-complete.xhtml, part of the same 'Temporary API Tester' scaffolding as item 180.	None found	not-reproducible		same reasoning as item 180	2026-09-17
182	Dataverse Page	Select Host (Parent) Dataverse	ALREADY IMPLEMENTED (revised after authenticated re-check) - the row is wrong. The SPA create-collection form at /modern/collections/root/create shows 'Host Collection *' as its first field, and EditCreateCollectionForm carries a hostCollection field.	None needed - no gap exists	already-implemented		verified logged in on 2026-09-17; screenshot 182-create-collection-modern.png. Supersedes the earlier not-reproducible record.	2026-09-17
183	Dataverse Page	Reset Metadata to Inherited	ALREADY IMPLEMENTED (revised after authenticated re-check) - the row is wrong. The SPA collection form implements parent inheritance: 'Use metadata fields from Root' and 'Use browse/search facets from Root' checkboxes (FieldsFromParentCheckbox.tsx, FacetsFromParentCheckbox.tsx), and resetting raises ConfirmResetModificationsModal - the equivalent of legacy dataverse.resetModifications.	None needed - no gap exists	already-implemented		verified logged in on 2026-09-17; screenshot 182-create-collection-modern.png. Supersedes the earlier not-reproducible record.	2026-09-17
184	Dataverse Page	Blocked Publish Notice	Confirmed missing: publishing a collection whose parent is unpublished opens a Publish Collection modal reading only 'Are you sure you want to publish your collection? Once you do so it must remain published.' - no equivalent of legacy dataverse.publish.failed.tip.	jp-tosca/dv-modern-fc#23 (filed jointly with item 195)	issue-created	https://github.com/jp-tosca/dv-modern-fc/issues/23	verified logged in 2026-09-17 on gap-review-sub-184; screenshot 184-publish-collection-modern.png; Cancel used - sub-184 still unpublished. Supersedes earlier record.	2026-09-17
185	Dataverse Page	View Root Dataverse Download Metrics	Confirmed missing: legacy collection page shows a 'Metrics | 0 Downloads' panel above the description (verified on /dataverse/root); the SPA collection page shows only Contact and Share, with no metrics component under src/sections/collection/. The SPA's only metrics code is homepage-scoped (Metrics.tsx via useGetInstallationMetrics/dataverseHubRepository) and reports cross-installation Dataverse Hub aggregates, not this collection.	IQSS/dataverse-frontend#474 (metrics bar at sub-dataverse level - explicitly presupposes top-level collection metrics, so it depends on this); #779 (MDC metrics on SPA dataset page - dataset-level counterpart)	issue-created	https://github.com/jp-tosca/dv-modern-fc/issues/11	screenshots 185-collection-metrics-{legacy,modern}.png, same collection and 1522x779 window; SPA side verified logged out (the panel is visible to anonymous visitors in legacy too)	2026-09-17
186	Dataverse Homepage	View Custom Root Homepage	Not reproducible: the legacy custom root homepage requires the :HomePageCustomizationFile setting, which is not set in this install (only :AllowSignUp, :BlockedApiPolicy, :BuiltinUsersKey, :DoiProvider, :SignUpUrl and :UploadMethods are set), so the customized homepage never renders and the comparison cannot be made.	None found	not-reproducible		verified via /api/admin/settings on 2026-09-17	2026-09-17
187	Site Header	Sign Up	Confirmed missing: with :AllowSignUp=yes, the anonymous legacy header serves both a Sign Up link (/dataverseuser.xhtml?editMode=CREATE) and a Log In link; the SPA header (Header.tsx) renders only a LanguageSwitcher and an OIDC Log In button when there is no user. Route.SIGN_UP is used only for the OIDC 'valid token but not linked account' case and Route.SIGN_UP_JSF only from RequestAccessModal, so neither is reachable from the header.	IQSS/dataverse-frontend#652 (Keycloak theming - Login page, closed/completed) and #930 (closed) establish that the login page is delegated to a themed Keycloak page; #868 (closed) covers builtin-user SPA login problems. None is a duplicate.	issue-created	https://github.com/jp-tosca/dv-modern-fc/issues/10	screenshot 187-header-signup-modern.png (SPA header logged out). No legacy screenshot: this browser's legacy session is authenticated and the Sign Up link only renders for anonymous visitors; logging out was avoided because re-authenticating needs a password. Legacy evidence is therefore the anonymous server-rendered markup fetched with curl (no cookies), quoted in the issue.	2026-09-17
188	Dataset Page	Return Dataset to Author	Still not reproducible: 'Return Dataset to Author' renders only for an in-review version, which requires a contributor to submit it first. Source finding stands and is worth checking first - PublishDatasetMenu.tsx attaches onSelect={handleSelect} (which opens PublishDatasetModal) to the whole dropdown, so selecting Return to Author would open the Publish dialog.	jp-tosca/dv-modern-fc#22	not-reproducible		Still blocked: needs a second, non-publishing account. Creating one and signing in as that user would require entering a password, which I do not do. The SPA control is a confirmed stub in source (SubmitForReviewButton.tsx onClick=showModal; PublishDatasetMenu.tsx renders Return to Author only when version.isInReview and its onSelect opens PublishDatasetModal). Re-check these first once such an account exists.	2026-09-17
189	Dataset Page	Select Host Dataverse (Create mode)	ALREADY IMPLEMENTED (revised after authenticated re-check) - the row is wrong. The SPA create-dataset form shows 'Host Collection *' with an 'Edit Host Collection' button and the warning that changing it clears entered fields.	None needed - no gap exists	already-implemented		verified logged in on 2026-09-17; screenshot 189-create-dataset-modern.png. Supersedes the earlier not-reproducible record.	2026-09-17
190	Dataset Page	Delete Selected Files	Not reproducible: 'Delete Selected Files' requires a dataset containing files.	None found	not-reproducible		BLOCKED BY ENVIRONMENT: no data file can exist in this install - the only storage driver is s3, pointed at https://s3.us-east-1.amazonaws.com with placeholder credentials (<S3_ACCESS_KEY>), and no S3/MinIO container runs in the dev stack, so every upload fails with 'Failed to save the content of the uploaded file'. No issue filed.	2026-09-17
191	Dataset Page	Download Blocked by Restriction Dialog	Not reproducible: the download-blocked-by-restriction dialog requires a restricted data file.	None found	not-reproducible		BLOCKED BY ENVIRONMENT: no data file can exist in this install - the only storage driver is s3, pointed at https://s3.us-east-1.amazonaws.com with placeholder credentials (<S3_ACCESS_KEY>), and no S3/MinIO container runs in the dev stack, so every upload fails with 'Failed to save the content of the uploaded file'. No issue filed.	2026-09-17
192	Dataset Page	Mixed Selection Download Continue	Not reproducible: mixed-selection download continuation requires a mix of restricted and unrestricted files.	None found	not-reproducible		BLOCKED BY ENVIRONMENT: no data file can exist in this install - the only storage driver is s3, pointed at https://s3.us-east-1.amazonaws.com with placeholder credentials (<S3_ACCESS_KEY>), and no S3/MinIO container runs in the dev stack, so every upload fails with 'Failed to save the content of the uploaded file'. No issue filed.	2026-09-17
193	Dataset Page	Mixed Selection Transfer Continue	Not reproducible: mixed-selection transfer continuation requires files AND Globus, neither available (:UploadMethods=native/http).	None found	not-reproducible		BLOCKED BY ENVIRONMENT: no data file can exist in this install - the only storage driver is s3, pointed at https://s3.us-east-1.amazonaws.com with placeholder credentials (<S3_ACCESS_KEY>), and no S3/MinIO container runs in the dev stack, so every upload fails with 'Failed to save the content of the uploaded file'. No issue filed.	2026-09-17
194	Dataset Page	Publish Blocked - Parent Unpublished	ALREADY IMPLEMENTED (revised after authenticated re-check) - the row is wrong. The SPA Publish Dataset modal reads 'This dataset cannot be published until QA Test Collection is published. Would you like to publish both right now?' with Continue/Cancel - a word-for-word match of legacy dataset.mayNotPublish.both.	None needed - no gap exists	already-implemented		verified logged in on 2026-09-17 using test dataset doi:10.5072/FK2/Q9LZAD inside the unpublished QA Test Collection; screenshot 194-publish-blocked-parent-modern.png. Cancel was used; nothing was published (versionState still DRAFT). Supersedes the earlier not-reproducible record.	2026-09-17
195	Dataset Page	Publish Blocked - Two Generations Unpublished	Confirmed divergent: with two unpublished ancestors (Root > QA Test Collection > Gap Review Subcollection 184 > dataset) the SPA shows legacy's single-parent .both wording, naming only the immediate parent and offering to publish both. Legacy has a distinct dataset.mayNotPublish.twoGenerations message naming both.	jp-tosca/dv-modern-fc#22; sibling row 194 is NOT a gap - the SPA matches dataset.mayNotPublish.both word for word	issue-created	https://github.com/jp-tosca/dv-modern-fc/issues/23	verified logged in 2026-09-17 on doi:10.5072/FK2/SSQN4W; screenshot 195-publish-blocked-twogen-modern.png; Cancel used, nothing published. Supersedes earlier record.	2026-09-17
196	Dataset Page	Return to Author Reason Entry	Still not reproducible: the Return to Author reason-entry dialog needs an in-review version.	jp-tosca/dv-modern-fc#22	not-reproducible		Still blocked: needs a second, non-publishing account. Creating one and signing in as that user would require entering a password, which I do not do. The SPA control is a confirmed stub in source (SubmitForReviewButton.tsx onClick=showModal; PublishDatasetMenu.tsx renders Return to Author only when version.isInReview and its onSelect opens PublishDatasetModal). Re-check these first once such an account exists.	2026-09-17
197	Dataset Citation	Cite Dataset in Multiple Styles	ALREADY IMPLEMENTED - the missing-items row is wrong. The SPA dataset page's 'Cite Dataset' dropdown offers exactly the legacy set: Download EndNote XML, Download RIS, Download BibTeX and View Styled Citation. 'View Styled Citation' opens a 'Styled Citation' modal with a 'Select a CSL Style' dropdown (default Chicago-Author-Date), the rendered citation for the chosen style, a copy-to-clipboard control and Cancel - matching legacy's cslCitation dialog (dataset.cite.cslDialog.* bundle keys).	None needed - no gap exists	already-implemented		verified logged out on the published test dataset doi:10.5072/FK2/PJQ8FH at /modern/datasets?persistentId=...; legacy menu compared against dataset.cite.downloadBtn.{xml,ris,bib} and dataset.cite.viewCitation in Bundle.properties - identical. Screenshot 197-citation-styles-modern.png	2026-09-17
198	Dataset Terms/License	Enable File Access Requests Toggle	ALREADY IMPLEMENTED (revised after authenticated re-check) - the row is wrong. The SPA Edit Terms form has a 'Restricted Files + Terms of Access' tab with the 'Request Access' control and an 'Enable access request' checkbox, plus Terms of Access, Data Access Place, Original Archive, Availability Status, Contact for Access, Size of Collection and Study Completion.	None needed - no gap exists	already-implemented		verified logged in on 2026-09-17 at /modern/datasets/edit-terms; screenshot 198-terms-access-request-modern.png; form not saved. Supersedes the earlier not-reproducible record.	2026-09-17
199	Dataset Versions	View/Edit Version Note	NOT A CONFIRMED GAP (revised after authenticated re-check): legacy's Version Note column and 'Edit Note' control are feature-flagged - dataset-versions.xhtml renders them only when #{versionNoteEnabled} - and the flag is off here, so the legacy Versions tab shows the same four columns as the SPA (Dataset Version, Summary, Contributors, Published on). The SPA has the i18n key dataset.versions.versionNote and a commented-out header in DatasetVersions.tsx, i.e. partial groundwork. A fair comparison needs the flag enabled.	None found	not-reproducible		both Versions tabs compared side by side logged in 2026-09-17 on doi:10.5072/FK2/PJQ8FH; screenshot 199-versions-modern.png. Supersedes the earlier record, which assumed legacy showed the column.	2026-09-17
200	Dataset Metadata	Select Metadata Language	Not reproducible: 'Select Metadata Language' only renders when :MetadataLanguages is configured, and it is unset in this install.	None found	not-reproducible		verified :MetadataLanguages not found via /api/admin/settings on 2026-09-17	2026-09-17
201	Dataset Metadata	View/Edit Field Instructions (template)	Duplicate of #17: 'View/Edit Field Instructions (template)' is the per-field instruction text authored in the legacy template editor; it exists only as part of template management.	jp-tosca/dv-modern-fc#17 (collection dataset-template management as a whole)	duplicate	https://github.com/jp-tosca/dv-modern-fc/issues/17	control on a legacy template page reached from the collection Templates screen, which the SPA stubs. Not separately actionable; #17's criteria cover it. Per-template actions were not exercised because this install has no templates.	2026-09-17
202	Dataset Metadata	Add Replication Data Prefix	Confirmed missing: legacy renders an 'Add Replication Data for to Title' button under the Title field on the create-dataset form (editMode==CREATE); the SPA create-dataset form has no such control and there is no 'replication' match under src/ or public/locales/.	None found upstream	issue-created	https://github.com/jp-tosca/dv-modern-fc/issues/25	both sides verified in browser 2026-09-17; screenshots 202-replication-prefix-legacy.png, 189-create-dataset-modern.png. Supersedes earlier record.	2026-09-17
203	Dataset Metadata	Use External Controlled-Vocabulary Lookup	Not reproducible: external controlled-vocabulary lookup requires :CVocConf, which is unset in this install, so no metadata field is wired to an external vocabulary service.	None found	not-reproducible		verified :CVocConf not found via /api/admin/settings on 2026-09-17	2026-09-17
204	File Page	Export File Metadata	Not reproducible: 'Export File Metadata' is on the file page, which requires a data file.	None found	not-reproducible		BLOCKED BY ENVIRONMENT: no data file can exist in this install - the only storage driver is s3, pointed at https://s3.us-east-1.amazonaws.com with placeholder credentials (<S3_ACCESS_KEY>), and no S3/MinIO container runs in the dev stack, so every upload fails with 'Failed to save the content of the uploaded file'. No issue filed.	2026-09-17
205	File Edit Options	Set/Remove Embargo	Not reproducible: setting or removing a file embargo requires a data file.	None found	not-reproducible		BLOCKED BY ENVIRONMENT: no data file can exist in this install - the only storage driver is s3, pointed at https://s3.us-east-1.amazonaws.com with placeholder credentials (<S3_ACCESS_KEY>), and no S3/MinIO container runs in the dev stack, so every upload fails with 'Failed to save the content of the uploaded file'. No issue filed.	2026-09-17
206	Dataset Files Tab	Batch Request Access	Not reproducible: 'Batch Request Access' requires restricted data files.	None found	not-reproducible		BLOCKED BY ENVIRONMENT: no data file can exist in this install - the only storage driver is s3, pointed at https://s3.us-east-1.amazonaws.com with placeholder credentials (<S3_ACCESS_KEY>), and no S3/MinIO container runs in the dev stack, so every upload fails with 'Failed to save the content of the uploaded file'. No issue filed.	2026-09-17
207	Guestbook Preview Dialog	Edit Guestbook from Preview	Duplicate of #16: 'Edit Guestbook from Preview' is the edit action on legacy guestbook-preview-popup-fragment.xhtml, part of the same stubbed guestbook management.	jp-tosca/dv-modern-fc#16 (collection guestbook management as a whole)	duplicate	https://github.com/jp-tosca/dv-modern-fc/issues/16	control on a legacy guestbook page reached from the collection Guestbooks screen, which the SPA stubs. Not separately actionable; #16's criteria cover it. Individual per-guestbook actions were not exercised because this install has no guestbooks and creating one was unnecessary to establish the gap.	2026-09-17
208	Guestbook Terms & Download Dialog	Accept Terms and Start Globus Transfer	Not reproducible: the guestbook terms dialog's Globus path requires a guestbook, files and Globus configuration.	None found	not-reproducible		BLOCKED BY ENVIRONMENT: no data file can exist in this install - the only storage driver is s3, pointed at https://s3.us-east-1.amazonaws.com with placeholder credentials (<S3_ACCESS_KEY>), and no S3/MinIO container runs in the dev stack, so every upload fails with 'Failed to save the content of the uploaded file'. No issue filed. Globus is also unconfigured.	2026-09-17
209	Guestbook Terms & Download Dialog	Accept Terms and Preview File	Not reproducible: 'Accept Terms and Preview File' requires a guestbook plus a previewable data file.	None found	not-reproducible		BLOCKED BY ENVIRONMENT: no data file can exist in this install - the only storage driver is s3, pointed at https://s3.us-east-1.amazonaws.com with placeholder credentials (<S3_ACCESS_KEY>), and no S3/MinIO container runs in the dev stack, so every upload fails with 'Failed to save the content of the uploaded file'. No issue filed.	2026-09-17
210	Guestbook Terms & Download Dialog	Accept Terms and Launch External Tool	Not reproducible: 'Accept Terms and Launch External Tool' requires a guestbook, a data file and a configured external tool (/api/externalTools returns none).	None found	not-reproducible		BLOCKED BY ENVIRONMENT: no data file can exist in this install - the only storage driver is s3, pointed at https://s3.us-east-1.amazonaws.com with placeholder credentials (<S3_ACCESS_KEY>), and no S3/MinIO container runs in the dev stack, so every upload fails with 'Failed to save the content of the uploaded file'. No issue filed.	2026-09-17
211	Guestbook Terms & Download Dialog	Accept Terms and Download Package	Not reproducible: 'Accept Terms and Download Package' requires a guestbook and a package file.	None found	not-reproducible		BLOCKED BY ENVIRONMENT: no data file can exist in this install - the only storage driver is s3, pointed at https://s3.us-east-1.amazonaws.com with placeholder credentials (<S3_ACCESS_KEY>), and no S3/MinIO container runs in the dev stack, so every upload fails with 'Failed to save the content of the uploaded file'. No issue filed.	2026-09-17
212	Guestbook Responses	Sort Responses Table	Duplicate of #16: 'Sort Responses Table' is on legacy guestbook-responses.xhtml, reachable only through the stubbed guestbook management; #16's criteria cover viewing and sorting responses.	jp-tosca/dv-modern-fc#16 (collection guestbook management as a whole)	duplicate	https://github.com/jp-tosca/dv-modern-fc/issues/16	control on a legacy guestbook page reached from the collection Guestbooks screen, which the SPA stubs. Not separately actionable; #16's criteria cover it. Individual per-guestbook actions were not exercised because this install has no guestbooks and creating one was unnecessary to establish the gap.	2026-09-17
213	Template (Create/Edit)	Save Template Changes	Duplicate of #17: 'Save Template Changes' submits the legacy template.xhtml editor, reachable only through the stubbed template management.	jp-tosca/dv-modern-fc#17 (collection dataset-template management as a whole)	duplicate	https://github.com/jp-tosca/dv-modern-fc/issues/17	control on a legacy template page reached from the collection Templates screen, which the SPA stubs. Not separately actionable; #17's criteria cover it. Per-template actions were not exercised because this install has no templates.	2026-09-17
214	Login Page	Forgot Password	Legacy login page 'Forgot Password'; the SPA has no login page - password reset belongs to the Keycloak realm.	IQSS/dataverse-frontend#652 ('Keycloak theming - Login page', CLOSED as completed) and #930 ('Add Warning Message to Login page', CLOSED) establish that the SPA has no login page of its own by design - authentication is delegated to a Keycloak page that the SPA itself themes (src/keycloak-theme/). #868 (closed) covers builtin-user login issues in the SPA.	upstream-covered		ARCHITECTURAL CHANGE, not a missing feature: the SPA authenticates exclusively via OIDC and ships its own Keycloak login theme, so this legacy login-page/account-management affordance has moved to the identity provider and is a per-install Keycloak configuration concern rather than SPA work. Verified: the SPA header's only anonymous action is an OIDC Log In button (Header.tsx) which redirects to the Keycloak realm sign-in page; this install's Keycloak form offers only username/password with no register or forgot-password links, which is Keycloak config. Not filed locally. The one genuine SPA-side gap in this cluster, the missing header Sign Up entry, is filed as jp-tosca/dv-modern-fc#10.	2026-09-17
215	Login Page	Log In via Your Institution	Legacy 'Log In via Your Institution'; institutional login is now an identity provider configured in Keycloak, not an SPA screen.	IQSS/dataverse-frontend#652 ('Keycloak theming - Login page', CLOSED as completed) and #930 ('Add Warning Message to Login page', CLOSED) establish that the SPA has no login page of its own by design - authentication is delegated to a Keycloak page that the SPA itself themes (src/keycloak-theme/). #868 (closed) covers builtin-user login issues in the SPA.	upstream-covered		ARCHITECTURAL CHANGE, not a missing feature: the SPA authenticates exclusively via OIDC and ships its own Keycloak login theme, so this legacy login-page/account-management affordance has moved to the identity provider and is a per-install Keycloak configuration concern rather than SPA work. Verified: the SPA header's only anonymous action is an OIDC Log In button (Header.tsx) which redirects to the Keycloak realm sign-in page; this install's Keycloak form offers only username/password with no register or forgot-password links, which is Keycloak config. Not filed locally. The one genuine SPA-side gap in this cluster, the missing header Sign Up entry, is filed as jp-tosca/dv-modern-fc#10.	2026-09-17
216	Login Page	Log In via ORCID or Other OAuth Provider	Legacy 'Log In via ORCID or Other OAuth Provider'; now a Keycloak identity provider.	IQSS/dataverse-frontend#652 ('Keycloak theming - Login page', CLOSED as completed) and #930 ('Add Warning Message to Login page', CLOSED) establish that the SPA has no login page of its own by design - authentication is delegated to a Keycloak page that the SPA itself themes (src/keycloak-theme/). #868 (closed) covers builtin-user login issues in the SPA.	upstream-covered		ARCHITECTURAL CHANGE, not a missing feature: the SPA authenticates exclusively via OIDC and ships its own Keycloak login theme, so this legacy login-page/account-management affordance has moved to the identity provider and is a per-install Keycloak configuration concern rather than SPA work. Verified: the SPA header's only anonymous action is an OIDC Log In button (Header.tsx) which redirects to the Keycloak realm sign-in page; this install's Keycloak form offers only username/password with no register or forgot-password links, which is Keycloak config. Not filed locally. The one genuine SPA-side gap in this cluster, the missing header Sign Up entry, is filed as jp-tosca/dv-modern-fc#10.	2026-09-17
217	Login Page	Switch Login Method	Legacy 'Switch Login Method'; the Keycloak login page owns method selection.	IQSS/dataverse-frontend#652 ('Keycloak theming - Login page', CLOSED as completed) and #930 ('Add Warning Message to Login page', CLOSED) establish that the SPA has no login page of its own by design - authentication is delegated to a Keycloak page that the SPA itself themes (src/keycloak-theme/). #868 (closed) covers builtin-user login issues in the SPA.	upstream-covered		ARCHITECTURAL CHANGE, not a missing feature: the SPA authenticates exclusively via OIDC and ships its own Keycloak login theme, so this legacy login-page/account-management affordance has moved to the identity provider and is a per-install Keycloak configuration concern rather than SPA work. Verified: the SPA header's only anonymous action is an OIDC Log In button (Header.tsx) which redirects to the Keycloak realm sign-in page; this install's Keycloak form offers only username/password with no register or forgot-password links, which is Keycloak config. Not filed locally. The one genuine SPA-side gap in this cluster, the missing header Sign Up entry, is filed as jp-tosca/dv-modern-fc#10.	2026-09-17
218	Login Page	Sign Up	Legacy login page 'Sign Up' link; the SPA's Keycloak theme carries a sign-up link (SignInNotice.tsx). The distinct header gap is filed as #10.	IQSS/dataverse-frontend#652 ('Keycloak theming - Login page', CLOSED as completed) and #930 ('Add Warning Message to Login page', CLOSED) establish that the SPA has no login page of its own by design - authentication is delegated to a Keycloak page that the SPA itself themes (src/keycloak-theme/). #868 (closed) covers builtin-user login issues in the SPA.	upstream-covered		ARCHITECTURAL CHANGE, not a missing feature: the SPA authenticates exclusively via OIDC and ships its own Keycloak login theme, so this legacy login-page/account-management affordance has moved to the identity provider and is a per-install Keycloak configuration concern rather than SPA work. Verified: the SPA header's only anonymous action is an OIDC Log In button (Header.tsx) which redirects to the Keycloak realm sign-in page; this install's Keycloak form offers only username/password with no register or forgot-password links, which is Keycloak config. Not filed locally. The one genuine SPA-side gap in this cluster, the missing header Sign Up entry, is filed as jp-tosca/dv-modern-fc#10.	2026-09-17
219	Password Reset	Request Password Reset Email	Legacy 'Request Password Reset Email'; password reset belongs to the Keycloak realm.	IQSS/dataverse-frontend#652 ('Keycloak theming - Login page', CLOSED as completed) and #930 ('Add Warning Message to Login page', CLOSED) establish that the SPA has no login page of its own by design - authentication is delegated to a Keycloak page that the SPA itself themes (src/keycloak-theme/). #868 (closed) covers builtin-user login issues in the SPA.	upstream-covered		ARCHITECTURAL CHANGE, not a missing feature: the SPA authenticates exclusively via OIDC and ships its own Keycloak login theme, so this legacy login-page/account-management affordance has moved to the identity provider and is a per-install Keycloak configuration concern rather than SPA work. Verified: the SPA header's only anonymous action is an OIDC Log In button (Header.tsx) which redirects to the Keycloak realm sign-in page; this install's Keycloak form offers only username/password with no register or forgot-password links, which is Keycloak config. Not filed locally. The one genuine SPA-side gap in this cluster, the missing header Sign Up entry, is filed as jp-tosca/dv-modern-fc#10.	2026-09-17
220	Password Reset	Cancel	Legacy password-reset 'Cancel'; superseded with the password-reset page.	IQSS/dataverse-frontend#652 ('Keycloak theming - Login page', CLOSED as completed) and #930 ('Add Warning Message to Login page', CLOSED) establish that the SPA has no login page of its own by design - authentication is delegated to a Keycloak page that the SPA itself themes (src/keycloak-theme/). #868 (closed) covers builtin-user login issues in the SPA.	upstream-covered		ARCHITECTURAL CHANGE, not a missing feature: the SPA authenticates exclusively via OIDC and ships its own Keycloak login theme, so this legacy login-page/account-management affordance has moved to the identity provider and is a per-install Keycloak configuration concern rather than SPA work. Verified: the SPA header's only anonymous action is an OIDC Log In button (Header.tsx) which redirects to the Keycloak realm sign-in page; this install's Keycloak form offers only username/password with no register or forgot-password links, which is Keycloak config. Not filed locally. The one genuine SPA-side gap in this cluster, the missing header Sign Up entry, is filed as jp-tosca/dv-modern-fc#10.	2026-09-17
221	Password Reset	Set New Password	Legacy 'Set New Password'; superseded - credentials are held by the identity provider.	IQSS/dataverse-frontend#652 ('Keycloak theming - Login page', CLOSED as completed) and #930 ('Add Warning Message to Login page', CLOSED) establish that the SPA has no login page of its own by design - authentication is delegated to a Keycloak page that the SPA itself themes (src/keycloak-theme/). #868 (closed) covers builtin-user login issues in the SPA.	upstream-covered		ARCHITECTURAL CHANGE, not a missing feature: the SPA authenticates exclusively via OIDC and ships its own Keycloak login theme, so this legacy login-page/account-management affordance has moved to the identity provider and is a per-install Keycloak configuration concern rather than SPA work. Verified: the SPA header's only anonymous action is an OIDC Log In button (Header.tsx) which redirects to the Keycloak realm sign-in page; this install's Keycloak form offers only username/password with no register or forgot-password links, which is Keycloak config. Not filed locally. The one genuine SPA-side gap in this cluster, the missing header Sign Up entry, is filed as jp-tosca/dv-modern-fc#10.	2026-09-17
222	OAuth Login Callback	Contact Support	Legacy OAuth login callback Contact Support link; the SPA's OIDC callback (AuthCallback) replaces this page.	IQSS/dataverse-frontend#652 ('Keycloak theming - Login page', CLOSED as completed) and #930 ('Add Warning Message to Login page', CLOSED) establish that the SPA has no login page of its own by design - authentication is delegated to a Keycloak page that the SPA itself themes (src/keycloak-theme/). #868 (closed) covers builtin-user login issues in the SPA.	upstream-covered		ARCHITECTURAL CHANGE, not a missing feature: the SPA authenticates exclusively via OIDC and ships its own Keycloak login theme, so this legacy login-page/account-management affordance has moved to the identity provider and is a per-install Keycloak configuration concern rather than SPA work. Verified: the SPA header's only anonymous action is an OIDC Log In button (Header.tsx) which redirects to the Keycloak realm sign-in page; this install's Keycloak form offers only username/password with no register or forgot-password links, which is Keycloak config. Not filed locally. The one genuine SPA-side gap in this cluster, the missing header Sign Up entry, is filed as jp-tosca/dv-modern-fc#10.	2026-09-17
223	Account Information	Create Account	Legacy Account Information 'Create Account'; account creation is delegated to JSF/Keycloak. Header entry point filed as #10.	IQSS/dataverse-frontend#652 ('Keycloak theming - Login page', CLOSED as completed) and #930 ('Add Warning Message to Login page', CLOSED) establish that the SPA has no login page of its own by design - authentication is delegated to a Keycloak page that the SPA itself themes (src/keycloak-theme/). #868 (closed) covers builtin-user login issues in the SPA.	upstream-covered		ARCHITECTURAL CHANGE, not a missing feature: the SPA authenticates exclusively via OIDC and ships its own Keycloak login theme, so this legacy login-page/account-management affordance has moved to the identity provider and is a per-install Keycloak configuration concern rather than SPA work. Verified: the SPA header's only anonymous action is an OIDC Log In button (Header.tsx) which redirects to the Keycloak realm sign-in page; this install's Keycloak form offers only username/password with no register or forgot-password links, which is Keycloak config. Not filed locally. The one genuine SPA-side gap in this cluster, the missing header Sign Up entry, is filed as jp-tosca/dv-modern-fc#10.	2026-09-17
224	My Data	Paginate Results	ALREADY IMPLEMENTED as an equivalent (revised after authenticated re-check). Legacy My Data also uses incremental loading - mydataFragment.moreResults='View More Results', mydata.viewnext='View Next', mydata.more='More' - and the SPA uses accumulated/infinite loading (useGetMyDataAccumulatedItems). Same interaction model, not a missing feature.	None needed - no gap exists	already-implemented		verified logged in on 2026-09-17 at /modern/account?tab=myData; screenshot 116-mydata-modern.png. Supersedes the earlier not-reproducible record.	2026-09-17
225	Private URL	Access Dataset via Private URL	Not reproducible: accessing a dataset via a Private URL requires creating one first, which is an authenticated superuser/curator action on the dataset (the SPA's Private URL menu item is itself stubbed). Blocked with items 39-42.	None found	not-reproducible		blocked on the expired SPA session; password entry was out of scope	2026-09-17
226	Preview URL	Access Dataset via Preview URL	Not reproducible: same as item 225 but for an anonymized Preview URL, which must be created by an authenticated user first.	None found	not-reproducible		blocked on the expired SPA session	2026-09-17
227	Search Results	Copy File Checksum/UNF Value	Not reproducible: copying a file checksum/UNF requires a dataset containing a data file, and no file can be uploaded in this install (only storage driver is s3, pointed at real AWS with placeholder credentials, no S3/MinIO service in the dev stack).	None found	not-reproducible		same S3 blocker as items 50, 65-89	2026-09-17
228	Search Results	View Technical Details of Search Error	Not reproducible: the technical-details panel for a search error requires provoking a backend search failure. Solr is healthy here (/solr ping 200) and /api/v1/search returns 200, and deliberately breaking the search backend would mean changing install-wide configuration, which is out of scope for this review.	None found	not-reproducible		confirmed search backend healthy on 2026-09-17; not provoked deliberately by design	2026-09-17
229	Search Results	Contact Support (No Results Guidance)	MOSTLY ALREADY IMPLEMENTED - the row overstates the gap. The SPA's search-no-results guidance is present and matches legacy word for word: 'There are no collections, datasets, or files that match your search. Please try a new search by using other or broader terms. You can also check out the search guide for tips.' with a working search-guide link (legacy dataverse.results.empty.zero). RESIDUAL GAP: legacy also has a browse-empty variant for a logged-in user WITHOUT add permissions - dataverse.results.empty.browse.loggedin.noperms.zero - which points at the Email Dataverse Contact button; the SPA's collection.json noItemsMessage has only 'authenticated' (Add Data button) and 'anonymous' (log in) variants, so that contact-support pointer is missing. Narrow i18n/UX gap; not filed.	None found	already-implemented		screenshot 229-no-results-modern.png. Verified logged out at /modern/collections/root?q=zzzqqqnomatchxyz. The residual no-permissions variant could not be observed in legacy because it needs a logged-in user without add permissions (a second account), which was unavailable - flagged for follow-up rather than filed.	2026-09-17
230	Error Pages	403 Forbidden Page	Confirmed divergent: legacy maps 403 -> /403.xhtml ('Not Authorized' plus a support contact link) in web.xml; the SPA has no 403 route and routes every non-404 failure to a single status-agnostic ErrorPage reading 'Oops, something went wrong...'	None found upstream for SPA 403/500 pages; sibling row 178 (404 static fallback) is NOT a gap - NotFoundPage covers it	issue-created	https://github.com/jp-tosca/dv-modern-fc/issues/9	screenshots 230-error-403-legacy.png, 231-error-500-legacy.png and 230-error-modern-404only.png. The SPA's generic ErrorPage could not be triggered on demand in a dev build, so the issue quotes ErrorPage.tsx and errorPage.json instead and labels the modern screenshot explicitly as the 404 path, not the 403/500 path.	2026-09-17
231	Error Pages	500 Internal Server Error Page	Confirmed divergent: legacy maps 500 -> /500.xhtml ('Internal Server Error - An unexpected error was encountered, no more information is available.'); the SPA has no 500 route and shows the same generic 'Oops, something went wrong...' page as for any other failure. Filed together with the 403 gap in one issue.	Filed jointly with item 230 in jp-tosca/dv-modern-fc#9	issue-created	https://github.com/jp-tosca/dv-modern-fc/issues/9	same evidence set as item 230; one issue covers both status codes because the SPA collapses them into a single generic error page	2026-09-17
